id,domain,status,purchase_price,renewal_price,attractiveness,demand,length,registrar,created_at,expires_at,status_verified_at
6b74addf-daf3-436b-a65f-304664a04395,maharashtra.dad,available,10.2,10.2,medium,low,11,cloudflare,,,29/09/2026 03:41
1569668a-36f1-4e22-9ca8-328c9db66c49,salam.dad,premium,,,high,low,5,,,,01/10/2026 22:51
ca59c9fe-b917-48bb-9da6-52959eab95b5,protected.dad,premium,37.7,37.7,high,low,9,namecheap,,,27/09/2026 07:42
a4db72b9-22ac-465f-b43f-ae1fbc678884,overheard.dad,available,10.2,10.2,medium,low,9,cloudflare,,,29/09/2026 22:55
5c1ad025-02c2-4c68-9ade-43fb557f1dae,earn.dad,premium,257.92,257.92,high,low,4,spaceship,,,29/09/2026 20:44
bde24538-b509-4650-aec7-230cce0a800c,frequency.dad,premium,76.7,76.7,high,low,9,namecheap,,,16/09/2026 17:49
c4dd8e25-fc17-4a11-a698-933129d93372,arya.dad,premium,30.22,30.22,high,low,4,spaceship,,,01/10/2026 11:19
1dcc308c-1f3b-4796-973b-a305502b1f70,activated.dad,available,12.98,16.98,high,low,9,namecheap,,,21/09/2026 16:32
dd8ed420-94e2-4d8e-9d55-2606b2a3851c,deepening.dad,available,12.98,16.98,medium,low,9,namecheap,,,13/08/2026 23:00
25c06ba0-704f-4d26-9a36-730a249635bd,yeasty.dad,available,12.98,16.98,medium,low,6,namecheap,,,08/08/2026 19:56
746212d9-4dd4-4215-b266-307f1c974924,deposed.dad,available,10.52,10.52,low,low,7,spaceship,,,02/10/2026 03:36
61ca5361-9f8c-4a57-86e7-7d8c9753c0f2,maguire.dad,available,12.98,16.98,high,low,7,namecheap,,,28/09/2026 04:17
28a588bb-174b-437d-af8c-dddbadb15ee7,tawdry.dad,available,12.98,16.98,medium,low,6,namecheap,,,12/08/2026 03:29
338c5c92-9729-4fa4-ab96-73cd5f8903d4,nazareth.dad,available,10.52,10.52,high,low,8,spaceship,,,01/10/2026 03:03
ab614474-52d1-4ebf-8881-db0b1653c200,invincible.dad,available,12.98,16.98,high,low,10,namecheap,,,25/09/2026 11:10
bfeba1cd-0f20-4627-9246-42c9a05ab6aa,investigator.dad,available,10.52,10.52,high,low,12,spaceship,,,28/09/2026 03:35
336044d3-3a28-4642-bd33-71ff1995031f,outspoken.dad,available,12.98,16.98,high,low,9,namecheap,,,11/08/2026 16:45
5a2abc90-24ea-40e5-958c-ff8c853475ab,telephone.dad,available,,,high,low,9,,,,26/09/2026 00:02
546d0c3d-c1d5-4b16-af75-d2acb8cb5444,howard.dad,premium,76.7,76.7,high,low,6,namecheap,,,25/09/2026 04:08
dfaaf622-6f6d-4f67-ba17-ae0bb916323c,fields.dad,premium,167.7,167.7,high,low,6,namecheap,,,25/09/2026 22:46
d3979e81-1452-41eb-b322-51e789b717ea,sumptuary.dad,available,12.98,16.98,medium,low,9,namecheap,,,11/09/2026 01:40
bef269bc-1612-4e79-94e4-a9a1c450921a,despicable.dad,available,12.98,16.98,medium,low,10,namecheap,,,14/08/2026 04:00
c2a43c3e-93e8-43c0-a621-f09a57964faa,campestral.dad,available,12.98,16.98,medium,low,10,namecheap,,,11/08/2026 16:05
e6e2d5e7-1e31-41fb-8dce-a2f268c6dbd8,venter.dad,available,12.98,16.98,medium,low,6,namecheap,,,16/09/2026 14:46
ba3bd91b-e5bb-4dd4-a0e4-f2afb36da036,cheerfully.dad,available,10.52,10.52,high,low,10,spaceship,,,28/09/2026 13:48
6d4b0a72-1a74-4c2a-a914-828ef3dd95cb,shaffer.dad,available,10.52,10.52,high,low,7,spaceship,,,29/09/2026 09:57
5a507995-d9e9-40c3-a2ef-4e7e2279bce7,send.dad,premium,499.2,,high,medium,4,unstoppable,,,29/09/2026 04:28
d100c328-470b-4ffb-ad9d-ce60af0c8d1d,mobilization.dad,available,10.52,10.52,high,low,12,spaceship,,,02/10/2026 01:20
2c54e244-ce80-4cd6-8b33-74f029a6c70c,backtalk.dad,available,12.98,16.98,medium,low,9,namecheap,,,21/09/2026 14:51
b3112d26-3a07-4e8f-9dfa-e3a5bb1cf792,apophatic.dad,available,12.98,16.98,medium,low,9,namecheap,,,06/08/2026 02:27
a571dd67-cb6d-4d0e-815d-a37e9c8c1419,linelike.dad,available,12.98,16.98,medium,low,8,namecheap,,,23/08/2026 15:03
8d2650d1-25bf-4eec-b395-b8b8ccea8179,dpp.dad,premium,59.2,,high,low,3,unstoppable,,,01/10/2026 22:43
aa71a14d-8c73-49cc-bbcf-ac923b870864,cocks.dad,available,12.98,16.98,medium,low,5,namecheap,,,18/09/2026 23:39
d653eb4d-6a8e-435f-9c76-2c958eb84bb2,consortium.dad,premium,37.7,37.7,high,low,10,namecheap,,,24/09/2026 17:29
c7f9cf13-8781-44df-8258-c3c317452dcb,roundly.dad,available,12.98,16.98,medium,low,7,namecheap,,,14/09/2026 00:45
d5f07347-0381-4a92-8dea-90d821cec43f,elegantly.dad,available,12.98,16.98,medium,low,9,namecheap,,,14/09/2026 15:17
e1df94ea-ec4f-4139-a5b1-a48d9d36fe2f,their.dad,premium,311.25,,medium,low,5,name.com,,,
d6b614f8-6661-4751-bc4f-85333108143f,motion.dad,premium,323.7,323.7,high,medium,6,namecheap,,,28/09/2026 21:51
26712ee2-4a7c-4090-abb1-2911d2a338a7,shifted.dad,available,10.52,10.52,medium,low,7,spaceship,,,29/09/2026 17:17
241e031a-5fc6-40de-8a1d-005f037ee400,treat.dad,premium,76.7,76.7,high,low,5,namecheap,,,24/09/2026 04:23
7e8cd24e-3e16-4970-b9f8-3612c6b38053,interpreted.dad,available,10.52,10.52,high,low,11,spaceship,,,30/09/2026 06:10
bc6ef659-c76f-4831-8599-b77d4452a901,stomp.dad,available,10.2,10.2,high,low,5,cloudflare,,,30/09/2026 18:50
10fb7557-e198-4546-8ebb-893902075e33,folding.dad,available,12.98,16.98,high,low,7,namecheap,,,24/09/2026 20:52
915f2501-2ebc-4467-b73e-83765aec85d6,killing.dad,available,12.98,16.98,medium,low,7,namecheap,,,22/08/2026 15:57
ac5fe845-0621-4396-b1ae-9d822912b605,begging.dad,available,12.98,16.98,high,low,7,namecheap,,,23/09/2026 02:16
f0db28f0-9238-4243-910e-9801e0ee5af8,harvested.dad,available,10.52,10.52,medium,low,9,spaceship,,,01/10/2026 14:36
cfad77a8-77e3-4103-9795-459f03354b32,eternal.dad,premium,167.7,167.7,high,medium,7,namecheap,,,21/09/2026 22:47
c7ceb395-6d97-4ab3-89e5-6eafba64e572,djs.dad,premium,59.2,,medium,low,3,unstoppable,,,30/09/2026 07:31
b76642ed-5897-4569-bfcd-0f124bc70798,tailless.dad,available,12.98,16.98,medium,low,8,namecheap,,,05/08/2026 21:33
0f565277-8c38-4eb6-b881-85d438e7c980,prolife.dad,premium,37.7,37.7,high,low,8,namecheap,,,27/09/2026 06:51
b92fae38-1fd4-4b8d-bad2-b59b5e433e2f,seemly.dad,available,12.98,16.98,medium,low,6,namecheap,,,09/08/2026 06:27
3ea6df1f-3fea-4fbd-be23-c815fe6b431b,churlish.dad,available,12.98,16.98,medium,low,8,namecheap,,,12/08/2026 07:49
3b75d27f-16b8-490a-846b-655bc2008fc9,vexer.dad,available,12.98,16.98,medium,low,5,namecheap,,,19/09/2026 10:52
f8e7afbc-7e7b-4180-b65e-79f43c351951,papers.dad,premium,323.7,323.7,high,low,6,namecheap,,,24/09/2026 23:21
c0e84e5c-79bb-432f-90e9-5b00fcbb287a,pact.dad,premium,37.7,37.7,high,low,4,namecheap,,,28/09/2026 06:32
638e8a92-3460-4bce-aaf8-5c4ff4eef562,alpinia.dad,available,12.98,16.98,medium,low,7,namecheap,,,18/09/2026 14:02
bfc1a744-06cc-48c4-82a5-e3c4b475fcb2,retch.dad,available,12.98,16.98,high,medium,5,namecheap,,,10/09/2026 07:37
b86c3078-a980-4b2e-bc36-920df090851e,leafy.dad,available,12.98,16.98,high,low,5,namecheap,,,22/08/2026 21:57
84eaf498-1b7a-46b4-b182-84d9d97005ca,acumen.dad,premium,37.7,37.7,high,low,6,namecheap,,,17/09/2026 05:39
e468292c-f6b4-4138-8d93-41833dc2e892,waylay.dad,available,12.98,16.98,medium,low,6,namecheap,,,18/09/2026 17:32
525aed21-0bc7-4357-830c-b6d9f90d33da,reo.dad,premium,61.27,61.27,medium,low,3,spaceship,,,30/09/2026 19:33
132fb96a-ee7b-416b-9f39-d8e1a4900771,respond.dad,premium,59.2,,high,low,7,unstoppable,,,28/09/2026 21:35
b897bfcc-1032-4c81-af33-217cca3af973,slenderize.dad,available,12.98,16.98,medium,low,10,namecheap,,,10/09/2026 10:53
c1fe11d5-cc32-47b9-a38e-08d60902d247,illicit.dad,available,12.98,16.98,high,low,7,namecheap,,,21/08/2026 19:50
d33043b7-8e54-4914-9ff1-53d5217152e3,skulls.dad,available,12.98,16.98,medium,low,6,namecheap,,,20/09/2026 10:31
46368b1c-c1b8-4a04-9984-7b28194c9b2b,atrip.dad,available,12.98,16.98,low,low,5,namecheap,,,07/08/2026 14:33
fe03b129-8a69-4f35-b3b3-329495c78020,onside.dad,available,12.98,16.98,medium,low,6,namecheap,,,04/09/2026 15:17
9bb89886-f3a5-4159-95c3-52892cc1f550,cursorial.dad,available,12.98,16.98,medium,low,9,namecheap,,,13/08/2026 11:40
9e3f43a9-ea32-41a1-b85a-c6bcf69c76c3,lifting.dad,premium,29.2,,high,low,7,unstoppable,,,28/09/2026 04:32
923d8a08-b737-4966-bf4e-99c1e73fdad0,swinging.dad,available,12.98,16.98,high,low,8,namecheap,,,23/08/2026 08:43
8f07d9af-29fc-47fc-b4f5-1c41c33be316,hardie.dad,available,10.52,10.52,medium,low,6,spaceship,,,01/10/2026 11:41
9448a174-cca3-4dc9-af08-1272e4bd1cec,slouchy.dad,available,12.98,16.98,medium,low,7,namecheap,,,19/09/2026 04:23
b1706758-3d96-4700-8f51-1e673887ddf9,rise.dad,premium,323.7,323.7,high,medium,4,namecheap,,,22/09/2026 09:12
583d6df1-36bd-4bfd-8ccc-f34cf91e7795,arsine.dad,available,12.98,16.98,medium,low,6,namecheap,,,20/09/2026 09:42
6540fdc0-ef5d-4ad1-a405-9901b67a5e6e,weirdness.dad,available,12.98,16.98,medium,low,9,namecheap,,,23/09/2026 23:18
a7887966-afee-44af-a95b-088c4887090d,locating.dad,available,12.98,16.98,high,low,8,namecheap,,,09/09/2026 00:10
1bb13350-5c36-431c-89d3-339ad6bdf9b3,ballade.dad,available,12.98,16.98,medium,low,7,namecheap,,,21/09/2026 22:41
594ac86e-3c21-4de1-b7d2-7482ef7fda97,lenify.dad,available,12.98,16.98,high,low,6,namecheap,,,18/08/2026 22:02
fc38478d-e575-4bb5-aa4c-984165f2ab33,frankly.dad,available,12.98,16.98,high,low,7,namecheap,,,14/09/2026 05:08
a4397a97-6b6e-4d1a-b9fb-5fa36bdf15fb,schuylkill.dad,available,10.52,10.52,medium,low,10,spaceship,,,28/09/2026 16:50
503c0a4c-15c6-4ad7-99da-c8ef5436c8ca,pawtucket.dad,available,10.81,10.81,medium,low,9,porkbun,,,29/09/2026 15:45
b3d27369-733d-46fb-bfb1-98d2d11a8633,statement.dad,premium,133.72,133.72,high,low,9,spaceship,,,01/10/2026 03:18
e3ca9250-41fb-4b47-a07e-1addeb05f8b0,aeonian.dad,available,12.98,16.98,medium,low,7,namecheap,,,
78c78f75-3daa-4ff3-ab9c-781254f23376,clawed.dad,available,12.98,16.98,medium,low,6,namecheap,,,12/08/2026 10:02
35a923ea-aeec-46d4-8d66-03b41e5d970c,putney.dad,available,14,,medium,low,6,unstoppable,,,30/09/2026 13:43
fbc6aa9c-f8df-45f2-af9d-0b81e972bed2,fanfare.dad,available,14,,high,low,7,unstoppable,,,01/10/2026 19:32
82be756e-4cf1-4893-a2ac-338a9d124084,biweekly.dad,available,12.98,16.98,high,low,8,namecheap,,,10/08/2026 09:30
26187fcf-1bb9-4884-b6b6-e971efcdc72f,coaster.dad,premium,29.2,,high,low,7,unstoppable,,,28/09/2026 18:46
622ec39b-6194-4443-873c-0a730e5e986a,clerks.dad,available,10.2,10.2,medium,low,6,cloudflare,,,29/09/2026 23:28
bce4c7c9-3274-4d4a-a641-ed64443a5da4,backslash.dad,available,10.2,10.2,high,low,9,cloudflare,,,01/10/2026 00:11
40f95f66-fac9-49e1-a0a8-347595f1721b,goosefish.dad,available,12.98,16.98,medium,low,9,namecheap,,,18/09/2026 11:40
73481d0f-d7ec-41f8-99e0-6462eb463b67,beaujolais.dad,available,12.98,16.98,high,low,10,namecheap,,,22/09/2026 22:13
754a5f56-a850-47d3-9024-afdac3374656,shaped.dad,premium,36.25,36.25,high,low,6,name.com,,,25/08/2026 03:44
be2a2d8c-c133-4e43-95e7-2e25bc9d8002,much.dad,premium,311.25,311.25,high,low,4,name.com,,,25/09/2026 22:03
5dacbf2e-9f3f-4614-9ecf-628610774333,unpaired.dad,available,12.98,16.98,medium,low,8,namecheap,,,12/09/2026 15:30
0f56965f-859f-4629-9d26-2281f502a1ee,stria.dad,available,12.98,16.98,medium,low,5,namecheap,,,22/09/2026 01:18
0c5327e9-9f66-462c-a6d1-f2b8bbbab247,oblige.dad,available,12.98,16.98,high,low,6,namecheap,,,03/09/2026 23:41
5a7e5162-75f4-4a9d-8ed2-3791c3b86988,knitting.dad,premium,61.27,61.27,high,low,8,spaceship,,,29/09/2026 01:31
530efcb6-fb78-48ca-a8d2-a565673b2536,propulsion.dad,available,12.98,16.98,high,low,10,namecheap,,,17/09/2026 05:22
ceba21cf-4db9-4d10-a904-c5b6e764c93c,engorge.dad,available,12.98,16.98,medium,low,7,namecheap,,,23/09/2026 17:25
f8495b44-5790-485d-9576-8945ee8b120f,focussed.dad,available,12.98,16.98,high,low,8,namecheap,,,18/08/2026 09:47
ae2cd1fe-6604-4095-a1c9-1318ead57cca,bandage.dad,available,12.98,16.98,high,low,7,namecheap,,,22/09/2026 00:52
166f4ba6-f1c0-46e0-a7a3-de01c5d17bff,plaintiff.dad,available,14,,high,low,9,unstoppable,,,29/09/2026 11:57
6fcca054-2eb4-4998-8a2e-69b25285a41b,uplift.dad,premium,30.22,30.22,high,low,6,spaceship,,,01/10/2026 22:01
a639e0b7-05e4-4199-9226-b2da69b14deb,trainers.dad,premium,,,medium,low,8,,,,02/10/2026 02:12
7abfb9a1-3c35-49a2-aa0e-a118e1a640ee,mabel.dad,premium,37.7,37.7,high,low,5,namecheap,,,25/09/2026 13:35
ae057486-fc46-4fcb-94dc-6bd076cadf59,caviar.dad,premium,30.22,30.22,high,low,6,spaceship,,,01/10/2026 18:55
6cf054b8-4ae1-4e0c-912a-67faef33eae7,profitless.dad,available,12.98,16.98,medium,low,10,namecheap,,,09/09/2026 02:50
a581b861-d923-4b16-be29-8213f41c1936,papaw.dad,available,12.98,16.98,medium,low,5,namecheap,,,20/09/2026 14:12
0639db6c-f05b-4064-ad34-2d8e5fdd1a4e,mainly.dad,premium,133.72,133.72,medium,low,6,spaceship,,,28/09/2026 13:52
f872ffd9-96bb-4053-9a48-5b2ce5d81f8b,gratifying.dad,available,12.98,16.98,high,low,10,namecheap,,,17/08/2026 09:19
9b60fe2e-a761-4485-82ef-686237ee346e,fused.dad,premium,37.7,37.7,high,low,5,namecheap,,,22/09/2026 03:03
251f59fe-81a0-4833-93e6-05aad73e58fd,ven.dad,premium,61.27,61.27,medium,low,3,spaceship,,,29/09/2026 16:15
0abdd627-4cf3-401a-8129-7db835531d20,sony.dad,available,16.98,,high,medium,4,namecheap,,,
27bb1bee-41dc-49b3-a712-106aeea1a289,polysemous.dad,available,12.98,16.98,medium,low,10,namecheap,,,08/09/2026 23:31
17360860-742c-4e4a-a5cd-4dccc92a0f72,togged.dad,available,12.98,16.98,medium,low,6,namecheap,,,11/09/2026 16:44
0dfa70fe-a079-495e-8b81-bf8f5d759334,viewable.dad,available,12.98,16.98,high,low,8,namecheap,,,13/09/2026 05:37
0f48188e-b85e-47ee-8cab-99afbeb6bd61,marquette.dad,available,12.98,16.98,high,low,9,namecheap,,,25/09/2026 07:53
015e803d-d86f-4b3a-abfb-8614cd608009,insertion.dad,available,14,,high,low,9,unstoppable,,,30/09/2026 01:59
b430d4ba-976f-41c7-bd9a-f57142dd35bc,bullying.dad,available,12.98,16.98,medium,low,8,namecheap,,,23/09/2026 10:48
894e1359-2d9d-4a4e-b4b0-d022a950c4e9,itc.dad,premium,129.2,,high,low,3,unstoppable,,,29/09/2026 10:09
00df4b08-b98b-4a80-99c7-d9750cc437f1,hag.dad,premium,76.7,76.7,high,low,3,namecheap,,,23/09/2026 04:44
3aa9f959-dd6a-430d-af17-3fc161c7d2d5,ela.dad,premium,257.92,257.92,high,low,3,spaceship,,,01/10/2026 19:19
f75ff2b3-0056-4825-8a08-3e92bfb5f100,heralded.dad,available,12.98,16.98,medium,low,8,namecheap,,,21/08/2026 06:51
b77cebd1-46cd-4c9d-9321-1e96fdd0775c,antibiotics.dad,available,14,,low,low,11,unstoppable,,,28/09/2026 13:28
3f384995-b42c-4bb6-9925-86a6d76ddbde,disgusted.dad,available,12.98,16.98,medium,low,9,namecheap,,,14/08/2026 10:30
173ec961-6a58-42a4-8644-177661fa22b2,prepare.dad,premium,73.75,73.75,high,low,7,name.com,,,27/09/2026 10:25
a94d1744-7c99-46f5-93bd-9ef46aab9000,dumpy.dad,available,12.98,16.98,medium,low,5,namecheap,,,14/08/2026 21:10
dabf53d7-92d3-4fcf-b03b-6a252913163c,performing.dad,available,12.98,16.98,high,low,10,namecheap,,,
9ee599f9-1f81-4a05-95f8-a08a971d3b5a,unsaved.dad,available,12.98,16.98,medium,low,7,namecheap,,,12/09/2026 17:57
eaec2114-6b2d-482c-a7fa-ea6dfbc54d19,template.dad,premium,272.35,272.35,high,low,8,porkbun,,,30/09/2026 11:09
8da50b8e-d8e7-4f11-bc8b-995a4641d013,bruised.dad,available,14,,medium,low,7,unstoppable,,,30/09/2026 23:32
9acab8d3-c5c1-4456-9111-167c9b04c718,nucleated.dad,available,12.98,16.98,medium,low,9,namecheap,,,03/09/2026 22:22
224f5a98-11bd-498b-8909-539ebe0914fd,baths.dad,premium,30.22,30.22,high,low,5,spaceship,,,28/09/2026 23:22
5ad08a95-2682-4a3f-bc97-9b3c26852409,anvers.dad,available,12.98,16.98,medium,low,6,namecheap,,,19/09/2026 15:49
2da65fb8-28ae-4288-a7c5-6b674a28151a,penile.dad,available,12.98,16.98,medium,low,6,namecheap,,,08/09/2026 14:21
a65ac8f3-db93-4924-87eb-87c4a7b0ddba,epstein.dad,available,12.98,16.98,high,low,7,namecheap,,,27/09/2026 03:50
05cb30db-0ecf-42a5-bbd1-731f5cac4694,aldo.dad,premium,61.27,61.27,high,low,4,spaceship,,,29/09/2026 04:10
300064fd-eeaa-4cd0-891e-c299c8f9aefd,isolation.dad,available,12.98,16.98,high,low,9,namecheap,,,24/09/2026 16:00
689e0b76-1bea-43a2-a388-5c08efe689f7,voluptuary.dad,available,12.98,16.98,medium,low,10,namecheap,,,24/08/2026 12:27
b81c6cf0-594c-4083-8f80-fcec9d1d05a2,shia.dad,premium,30.22,30.22,medium,low,4,spaceship,,,29/09/2026 02:12
e2027162-b622-4c46-8e61-e795637199e3,biol.dad,available,12.98,16.98,high,low,4,namecheap,,,29/09/2026 16:48
89ce7faf-9888-4302-b18e-a7dd6a90915c,afresh.dad,available,12.98,16.98,medium,low,6,namecheap,,,13/09/2026 18:01
ff767db2-aabd-4c97-96d8-f492b2583b6c,bring.dad,premium,167.7,167.7,high,low,5,namecheap,,,25/09/2026 05:59
441e6824-9448-4193-a06b-e7e0ba1f5561,persuasive.dad,available,12.98,16.98,high,low,10,namecheap,,,08/09/2026 18:05
511698b5-afa2-4a86-b09a-2ad02f46084c,game.dad,premium,1034.17,1034.17,high,medium,4,spaceship,,,30/09/2026 14:56
02a0d6fc-0b08-4007-be23-0750b2825d26,jamieson.dad,available,10.52,10.52,high,low,8,spaceship,,,29/09/2026 22:21
326c8ffb-63a3-4a3c-b3bb-2b54c1a86df5,yesterday.dad,premium,30.22,30.22,high,low,9,spaceship,,,28/09/2026 16:50
11ae94ae-4119-4a73-8e70-439a3a0da2a3,mounts.dad,available,10.2,10.2,medium,low,6,cloudflare,,,01/10/2026 00:51
654c96a4-5dc3-444a-a624-a297d5ee20ae,hopes.dad,premium,37.7,37.7,medium,low,5,namecheap,,,25/09/2026 19:44
a4c16ab5-b33e-4dc6-abf7-24988f250901,gaelic.dad,available,12.98,16.98,high,low,6,namecheap,,,11/08/2026 23:40
267c6ed1-6d40-496c-aa3a-c05843067ce5,perry.dad,premium,167.7,167.7,high,low,5,namecheap,,,24/09/2026 16:31
c9f74f67-9bbf-491c-b9e7-b6fd220841e3,zoomed.dad,available,12.98,16.98,medium,low,6,namecheap,,,18/09/2026 03:48
66a7bead-051b-4e7c-8435-56ccbf7a20d2,cradle.dad,premium,,,high,low,6,,,,29/09/2026 06:28
82a638fa-4b6d-4858-a44c-669c1179bc88,abstracter.dad,available,12.98,16.98,medium,low,10,namecheap,,,16/09/2026 18:30
2ea5643e-66ee-4736-9dfa-7fa2020c4310,nonpolar.dad,available,12.98,16.98,high,low,8,namecheap,,,03/09/2026 20:17
f8b66ec0-f150-4862-86b8-1ecb21008da0,commission.dad,premium,59.2,,high,low,10,unstoppable,,,29/09/2026 10:22
fc64ca4b-a30c-4d50-90bb-84cb6465fae4,adorable.dad,premium,37.7,37.7,high,low,8,namecheap,,,21/09/2026 19:18
039f6915-26d5-4449-b259-876473652ba8,adventitia.dad,available,12.98,16.98,medium,low,10,namecheap,,,17/09/2026 10:36
51795b45-b357-4485-abfe-0d17555c6aec,cries.dad,available,14,,low,low,5,unstoppable,,,28/09/2026 08:31
fe8301f1-ce0d-4460-8570-3a5dbc47bfdf,terminators.dad,available,12.98,16.98,low,low,11,namecheap,,,20/09/2026 12:06
199086ab-6208-4324-93f9-93e874665bee,aflcio.dad,available,12.98,16.98,medium,low,7,namecheap,,,17/09/2026 15:05
643f33da-1db2-4d06-89ec-f688165c9229,vitiate.dad,available,12.98,16.98,medium,low,7,namecheap,,,13/08/2026 02:22
bb14b9da-fd7d-45e2-b22e-7f7de5701dd1,variform.dad,available,12.98,16.98,medium,low,8,namecheap,,,13/09/2026 01:22
02a03ea0-7335-4242-9980-440232a51ba8,travelled.dad,available,12.98,16.98,high,low,9,namecheap,,,28/09/2026 09:32
79f2c135-896a-42eb-8f51-21abd2507085,vise.dad,available,12.98,16.98,medium,low,4,namecheap,,,23/09/2026 07:37
71488323-ee14-429a-9e52-b38a0c445cba,athelstan.dad,available,12.98,16.98,medium,low,9,namecheap,,,20/09/2026 20:33
b2bf3202-6ec4-4503-a0c8-87be84c96a0b,allotted.dad,available,12.98,16.98,high,low,8,namecheap,,,
0b725b89-7f73-47ba-87f6-1a3953ee7035,reconciled.dad,available,12.98,16.98,high,low,10,namecheap,,,09/09/2026 11:49
f945ba79-8913-43f0-b909-bc683cf8ec2a,barclay.dad,available,12.98,16.98,high,low,7,namecheap,,,27/09/2026 03:05
0e3d4062-47f3-4672-9a70-1e8983b4cc9f,poked.dad,available,10.81,10.81,medium,low,5,porkbun,,,02/10/2026 03:52
c567b6cc-d045-4cf3-8bec-cc6d9e0a18b7,lars.dad,premium,30.22,30.22,high,low,4,spaceship,,,29/09/2026 09:31
bb376d0a-f571-413c-86d8-14fa7a9fb0b9,transfers.dad,premium,30.22,30.22,medium,low,9,spaceship,,,30/09/2026 00:41
c8b37711-3443-4896-903a-f056247d02e3,alsatia.dad,available,12.98,16.98,medium,low,7,namecheap,,,18/09/2026 14:16
66ec20ad-ac3b-4ccc-92f6-1757ba5cb865,banned.dad,premium,161.25,161.25,medium,low,6,name.com,,,08/08/2026 13:44
128db227-d9ba-4a9a-b936-58077f48bf23,artiste.dad,available,12.98,16.98,high,low,7,namecheap,,,20/09/2026 11:55
c6c5d38f-f345-4fbd-b7fc-aa0792d3e6a9,penn.dad,premium,76.7,76.7,high,low,4,namecheap,,,25/09/2026 09:52
1d602cce-5897-46f5-9f14-d308e5d09f64,hearsay.dad,available,12.98,16.98,high,low,7,namecheap,,,21/08/2026 02:04
15ab7c5a-5630-4718-a130-e8b855621884,gaur.dad,available,12.98,16.98,medium,low,4,namecheap,,,23/09/2026 13:04
8dfe9c3b-412d-4dc1-9dcc-1d1d3cecc81a,ballup.dad,available,12.98,16.98,medium,low,6,namecheap,,,21/09/2026 23:27
866611b6-9369-4161-908c-ca50bf072877,haus.dad,premium,,,high,low,4,,,,30/09/2026 14:07
1ea94b0f-9fc3-43e1-9a1e-041bc1e20a19,boo.dad,premium,133.72,133.72,medium,low,3,spaceship,,,29/09/2026 03:21
9229fa87-29ac-4530-9f47-be383b843b96,mess.dad,premium,73.75,73.75,high,low,4,name.com,,,25/08/2026 00:30
de0d93dd-b736-42a1-90b9-d99e9afa85f5,vowels.dad,available,12.98,16.98,medium,low,6,namecheap,,,20/09/2026 00:07
ed8e7ecf-0a1d-42f4-97b3-92bd0145199e,tempers.dad,available,12.98,16.98,medium,low,7,namecheap,,,20/09/2026 14:00
120b1f3f-a259-4f49-bc28-425999b660fb,hemisphere.dad,available,10.52,10.52,high,low,10,spaceship,,,29/09/2026 06:17
f0ac3521-e666-4fa6-a5d5-9ffc249c888d,caffeine.dad,premium,37.7,37.7,high,low,8,namecheap,,,24/09/2026 11:38
c32f343d-b55b-4dbd-834c-241cd422d82e,mills.dad,premium,61.27,61.27,high,low,5,spaceship,,,30/09/2026 04:31
e5ee6af6-38da-46c4-af8e-46c10f88bd42,revolutions.dad,available,12.98,16.98,medium,low,11,namecheap,,,20/09/2026 15:34
eee66e53-cbb0-4d22-b179-c6009e32eccd,corporal.dad,available,12.98,16.98,high,low,8,namecheap,,,13/08/2026 01:52
5cf03de1-decc-417e-b0ce-5b5ccab69bb0,unsuccessful.dad,available,10.2,10.2,medium,low,12,cloudflare,,,29/09/2026 21:15
8796aa1b-69ee-48f2-a29c-f253ffe0fc96,eonian.dad,available,12.98,16.98,medium,low,6,namecheap,,,
3ab11a6a-2e43-496e-a17f-ee83c3c054a6,faking.dad,available,10.2,10.2,low,low,6,cloudflare,,,02/10/2026 03:46
cc11bdec-ad05-4f8a-9d89-7da8f0bc7bab,apex.dad,premium,323.7,323.7,high,medium,4,namecheap,,,19/09/2026 16:45
9ba7ea53-f5dd-466d-aeca-3ac50ce79ec0,montane.dad,available,12.98,16.98,high,low,7,namecheap,,,25/08/2026 05:41
65bb1760-4bdf-4cbb-bc0c-95fe5a4bceb2,emblems.dad,available,14,,medium,low,7,unstoppable,,,28/09/2026 18:24
7ed6dc03-4a57-4713-84d2-b06772208382,statuesque.dad,available,12.98,16.98,medium,low,10,namecheap,,,22/08/2026 14:32
c363d500-1cf8-43e9-ba7c-c3134641cf4d,grenville.dad,available,10.2,10.2,medium,low,9,cloudflare,,,29/09/2026 04:31
b1c41888-95df-444d-a103-92f29b09550f,ibrahim.dad,premium,37.7,37.7,high,low,7,namecheap,,,16/09/2026 16:51
5b93027f-b0aa-4236-82eb-79a5e06c3cd2,audio.dad,premium,516.67,516.67,high,low,5,spaceship,,,28/09/2026 23:15
c146a746-d09d-4a85-bc5d-6a78e6a6b242,semiotical.dad,available,12.98,16.98,medium,low,10,namecheap,,,10/09/2026 03:15
fa4fef43-a9a2-4896-80eb-120537177c5f,agrologic.dad,available,12.98,16.98,medium,low,9,namecheap,,,
7c976801-1c7e-45c1-bc25-50d8cc8813e6,pyknotic.dad,available,12.98,16.98,high,medium,8,namecheap,,,09/09/2026 06:50
6dda2653-2069-4487-92fd-8f094d986422,dazzling.dad,available,12.98,16.98,high,low,8,namecheap,,,10/08/2026 13:44
ec49d5fe-e3a9-4c08-92b6-0616566d46f7,conservatory.dad,available,10.2,10.2,high,low,12,cloudflare,,,29/09/2026 03:18
15b45e44-c113-4fd5-94a5-56a67b5684f4,geographical.dad,available,10.2,10.2,high,low,12,cloudflare,,,29/09/2026 21:14
dc1ddf2e-27ca-42cb-8a8a-abffedca9caa,nasal.dad,available,12.98,16.98,medium,low,5,namecheap,,,03/09/2026 13:33
ffb76969-2c16-41aa-b4cc-072879c0896e,inman.dad,available,10.2,10.2,medium,low,5,cloudflare,,,29/09/2026 15:42
dc52a0a6-49f3-4330-ad0e-85c2e7edec02,papered.dad,available,12.98,16.98,medium,low,7,namecheap,,,21/09/2026 10:14
456a523a-7e84-419d-8836-106037a4efdd,mich.dad,premium,59.2,,high,low,4,unstoppable,,,29/09/2026 14:29
abed4177-6459-40fa-b10a-948b28b176a9,alinement.dad,available,12.98,16.98,high,low,9,namecheap,,,18/09/2026 07:48
31d13097-33db-4972-a1fa-aa8c5c86e98f,juristic.dad,available,12.98,16.98,medium,low,8,namecheap,,,22/08/2026 14:37
93210205-a55d-44e1-886c-a0a4c5b21bd5,ewart.dad,available,10.2,10.2,medium,low,5,cloudflare,,,30/09/2026 21:28
f44ad6d7-b706-4fa8-813f-4d6d1b04f430,ovular.dad,available,12.98,16.98,medium,low,6,namecheap,,,04/09/2026 22:12
8997903d-6d64-473c-bc0c-932e2176bf82,hovers.dad,available,12.98,16.98,medium,low,6,namecheap,,,21/09/2026 10:26
dcba1151-e91b-4f87-814e-bee427c58b46,honorable.dad,available,12.98,16.98,high,low,9,namecheap,,,21/08/2026 13:21
b325cff0-ca4b-4674-8a41-801b7f82904c,hamburger.dad,premium,133.72,133.72,high,low,9,spaceship,,,29/09/2026 01:50
0158ff50-d816-4589-b7b3-c691a91f282b,adagio.dad,available,12.98,16.98,high,low,6,namecheap,,,
153a153e-a932-42ad-8311-4121887f9667,exceptions.dad,available,10.52,10.52,low,low,10,spaceship,,,28/09/2026 23:04
f9c6ce85-e739-4f8d-a510-b3c637614345,menzies.dad,available,10.2,10.2,medium,low,7,cloudflare,,,29/09/2026 15:52
38c3a1d4-9ea7-40d1-9e7b-0cc0e1420f0c,choke.dad,available,12.98,16.98,medium,low,5,namecheap,,,24/09/2026 14:43
54d56e22-8549-490f-8ac2-ae708b01e917,measurement.dad,available,10.81,10.81,high,low,11,porkbun,,,01/10/2026 14:29
7eb1c8f5-4206-481e-afdb-2ffea5281eb3,teachers.dad,premium,323.7,323.7,high,low,8,namecheap,,,18/09/2026 18:31
ba65043f-cd33-4c38-a9a4-0270398027b9,buttonlike.dad,available,12.98,16.98,medium,low,10,namecheap,,,09/08/2026 03:39
2e51e5ec-d120-4a8b-ac2e-649773498c59,witting.dad,available,12.98,16.98,medium,low,7,namecheap,,,12/08/2026 22:24
36cb37b4-1807-411f-8a12-4825f29d3a77,aristocrat.dad,available,12.98,16.98,high,low,10,namecheap,,,20/09/2026 05:51
666a217c-7e20-43aa-b8a9-767527b0814b,fined.dad,available,10.52,10.52,medium,low,5,spaceship,,,30/09/2026 15:19
83bc9249-6473-4a63-9d16-063a12a8dee7,godlike.dad,available,12.98,16.98,high,low,7,namecheap,,,20/08/2026 16:06
ef209a7a-a998-4b2e-8dae-28fbfd030a07,gyroplane.dad,available,12.98,16.98,medium,low,9,namecheap,,,21/09/2026 06:27
85d04c50-57ac-4348-a285-01c2bcf35edf,magdeburg.dad,available,14,,medium,low,9,unstoppable,,,29/09/2026 09:34
ba2e9010-3d30-40b4-8b83-dc57c6f8102c,garish.dad,available,12.98,16.98,medium,low,6,namecheap,,,18/08/2026 06:35
0f288858-b972-4df3-a648-140979ae48c4,keeps.dad,available,12.98,16.98,high,low,5,namecheap,,,25/09/2026 19:06
299e502d-153a-47e0-8059-166a28340ff7,fran.dad,premium,73.75,,high,low,4,name.com,,,
1baf8be6-80d6-4f8e-a597-37a3771c87ea,tools.dad,premium,648.7,648.7,high,medium,5,namecheap,,,17/09/2026 15:46
9ae7ae15-0e51-4525-9c11-79ca2d05bfd6,kwhr.dad,available,12.98,16.98,high,low,5,namecheap,,,21/09/2026 11:57
fa672163-884d-4885-b593-42ffa7150902,patristic.dad,available,12.98,16.98,high,low,9,namecheap,,,08/09/2026 10:38
12f278ef-42b4-45bd-998f-6ffc2916b36b,wild.dad,premium,648.7,648.7,high,medium,4,namecheap,,,22/09/2026 17:18
7daba0fd-8db7-4d9f-adb0-ca06fe577768,affiant.dad,available,12.98,16.98,medium,low,7,namecheap,,,17/09/2026 14:22
08185668-c31d-4d58-9992-608a2936eea1,ackack.dad,available,12.98,16.98,medium,low,7,namecheap,,,
ecb2628a-1af4-40b5-881b-3abac9a1e3d6,nang.dad,premium,,,high,low,4,,,,30/09/2026 19:24
360c63bd-1547-4af9-8ee6-599b62dd12f6,worded.dad,available,12.98,16.98,medium,low,6,namecheap,,,20/09/2026 15:04
612be3fe-aca7-410a-9fba-eaf58532253a,reptilian.dad,available,12.98,16.98,medium,low,9,namecheap,,,09/09/2026 14:40
6ded861f-d916-429d-8ae3-268b810799df,avenues.dad,available,10.52,10.52,medium,low,7,spaceship,,,01/10/2026 17:25
293e45b3-84b7-4988-a5ce-136f3ca7f5ef,horrid.dad,available,12.98,16.98,medium,low,6,namecheap,,,21/08/2026 08:14
a1ba5ff9-ad76-4404-9209-e3214a9db06f,birdcage.dad,available,12.98,16.98,high,low,8,namecheap,,,23/09/2026 20:32
1a08a588-5384-4f75-b00c-3b4523e9e012,dogsit.dad,available,16.98,,high,low,6,namecheap,,,
55aa7678-b8e7-48be-86e3-5057d07060e4,declares.dad,available,10.52,10.52,medium,low,8,spaceship,,,01/10/2026 00:10
81d08da2-db89-4113-a218-dc76e7d78657,seemingly.dad,available,12.98,16.98,medium,low,9,namecheap,,,13/09/2026 20:24
96f98abc-87e5-4036-adaa-524e684e6689,moot.dad,available,12.98,16.98,high,low,4,namecheap,,,14/08/2026 00:31
a9c53751-92fe-4ac7-a383-616aec580940,pick.dad,premium,311.25,311.25,high,low,4,name.com,,,23/09/2026 14:24
614c84d6-c34d-4d4d-a009-45fe51b3c9bb,blunted.dad,available,12.98,16.98,medium,low,7,namecheap,,,10/08/2026 16:17
b8feed9c-f02f-460f-9272-502bd77d1a61,adaxial.dad,available,12.98,16.98,medium,low,7,namecheap,,,
0b446d4e-b0cc-439d-8c82-5ac21900ca1e,wajda.dad,available,12.98,16.98,medium,low,5,namecheap,,,19/09/2026 05:01
e6f0d351-7326-41d1-8393-a1ccbf76d31d,controlling.dad,premium,30.22,30.22,high,low,11,spaceship,,,01/10/2026 20:03
5b881a09-f1ab-4cbc-bd3b-b2b22943ee67,humoral.dad,available,12.98,16.98,medium,low,7,namecheap,,,21/08/2026 15:21
99046df1-1abb-405d-8cc4-df36beef3ca6,naked.dad,premium,648.7,648.7,high,low,5,namecheap,,,22/09/2026 11:56
d657c96f-5edd-4d43-806c-1cd16ff55b66,entitlements.dad,available,19.99,19.99,medium,low,12,godaddy,,,01/10/2026 00:42
8a71ada3-7d0d-4054-8ba9-9cba5be01e65,armed.dad,premium,37.7,37.7,high,low,5,namecheap,,,22/09/2026 07:55
7d19fd67-62b9-45d9-bd60-2309534d5fe3,refresh.dad,premium,61.27,61.27,high,low,7,spaceship,,,30/09/2026 16:47
4f775af1-1447-4912-a58d-90bd97fa6e73,worcester.dad,available,10.81,10.81,high,low,9,porkbun,,,01/10/2026 20:10
58e123f3-8c84-48f2-aa79-18186b0a2e5a,relevant.dad,premium,76.7,76.7,high,low,8,namecheap,,,09/09/2026 13:33
e7ce05a8-36a2-41bb-8b6a-ea9691c7baa1,screenshot.dad,premium,73.75,,high,low,10,name.com,,,01/10/2026 01:28
27720b71-49a5-4544-9644-579474a3224d,frosty.dad,available,12.98,16.98,high,low,6,namecheap,,,18/08/2026 16:26
814451dc-0df8-40c5-a793-46f33ffc8bf0,transition.dad,premium,76.7,76.7,high,low,10,namecheap,,,28/09/2026 09:22
e1b6b27c-8c1a-48fb-88dc-d14da85e6a9f,inconvenience.dad,available,10.2,10.2,medium,low,13,cloudflare,,,29/09/2026 02:52
8449cd79-9330-49f2-a1a7-be9b762c9ac7,frisky.dad,available,12.98,16.98,high,low,6,namecheap,,,18/08/2026 16:02
2c331b72-b113-484c-8122-a66fe1fdebea,freight.dad,premium,64.93,64.93,high,low,7,porkbun,,,01/10/2026 16:25
f1caa301-ba29-4766-8682-fd945f490e18,gaines.dad,available,10.2,10.2,high,low,6,cloudflare,,,28/09/2026 04:15
5a2808eb-56fd-4919-8754-cbf7f3a674f1,mogadishu.dad,available,12.98,16.98,medium,low,9,namecheap,,,24/09/2026 12:23
4c841dee-6e63-420d-a9fb-b6fc09bd6c65,dispatched.dad,available,10.52,10.52,medium,low,10,spaceship,,,29/09/2026 17:05
cf685245-face-49fa-872e-0d5e65def2a7,partially.dad,available,12.98,16.98,medium,low,9,namecheap,,,15/09/2026 18:59
c71e78aa-1504-493f-add6-770a2cae3078,computers.dad,premium,133.72,133.72,high,low,9,spaceship,,,01/10/2026 03:23
7669da03-b560-420f-82c8-6c7c27333005,diversely.dad,available,12.98,16.98,medium,low,9,namecheap,,,14/09/2026 13:25
74d37724-bfd5-48db-8a2c-c19a183731ea,finlay.dad,available,10.52,10.52,medium,low,6,spaceship,,,29/09/2026 15:27
8692063d-6782-4c4d-975a-13570d4a448c,bingle.dad,available,12.98,16.98,medium,low,6,namecheap,,,19/09/2026 16:38
7fddca28-a47f-4ef1-9ba1-17ce80019954,starkey.dad,available,10.81,10.81,high,low,7,porkbun,,,01/10/2026 21:32
59feccbc-1185-4969-ba8a-7a144b1fe54a,prosecutor.dad,available,12.98,16.98,high,low,10,namecheap,,,27/09/2026 05:05
eecac9ef-2e2b-4fce-9e50-8d4ab5a246ce,prepares.dad,available,14,,medium,low,8,unstoppable,,,30/09/2026 16:00
2e6518bc-93a6-4cd9-848c-afc62b0bb98f,appendix.dad,available,12.98,16.98,high,low,8,namecheap,,,19/09/2026 20:40
ebcf81d8-1e5b-44f1-a05b-658e86011de2,louche.dad,available,12.98,16.98,medium,low,6,namecheap,,,24/08/2026 10:02
55e11238-3cb7-403f-a12b-c80ecf20da62,inaccurate.dad,available,12.98,16.98,medium,low,10,namecheap,,,22/08/2026 00:09
4eeba364-80bb-4811-a621-9ca377f6d8bc,linger.dad,available,12.98,16.98,medium,low,6,namecheap,,,11/09/2026 08:37
6fbe3c5d-78cf-4838-be4a-55eed081f9ea,factual.dad,available,12.98,16.98,high,low,7,namecheap,,,17/08/2026 20:31
f6ad6c73-39a3-40f4-b935-37c889b841f0,mackie.dad,available,10.52,10.52,medium,low,6,spaceship,,,30/09/2026 05:44
1cd15f1d-a209-4627-886e-f9370e04a258,mutant.dad,premium,76.7,76.7,high,low,6,namecheap,,,03/09/2026 11:39
e80fe200-b4e6-461d-aa16-36814ce39cdf,dante.dad,premium,61.27,61.27,high,low,5,spaceship,,,28/09/2026 05:29
897c4621-bb1a-4a60-b6e4-7bcfd9a7b674,bradstreet.dad,available,12.98,16.98,medium,low,10,namecheap,,,19/09/2026 10:16
08a99329-ba9b-4aa7-ae52-470e5f12c510,hoa.dad,premium,76.7,76.7,high,low,3,namecheap,,,30/09/2026 12:27
5d75382d-2a8d-47d4-a632-8daf8823aaf2,civilizations.dad,available,10.52,10.52,medium,low,13,spaceship,,,01/10/2026 01:05
0ab411d5-e45c-45fe-952b-6f2c43459830,brockhouse.dad,available,12.98,16.98,medium,low,10,namecheap,,,23/09/2026 10:18
6876ed81-7c35-4fe9-ba33-c3da0b719891,readiness.dad,available,10.52,10.52,high,low,9,spaceship,,,29/09/2026 01:53
4930cc92-cb22-4699-acc0-57b86f8f2212,riveting.dad,available,12.98,16.98,high,low,8,namecheap,,,21/09/2026 15:09
f292c46c-fdb2-4e58-827f-d19df7135b30,dea.dad,premium,,,high,low,3,,,,30/09/2026 01:16
19bbb77c-42e2-42ed-8ab4-fd99531a8247,risking.dad,available,14,,high,low,7,unstoppable,,,30/09/2026 04:11
1bbc8fe6-5cf3-4741-82c2-59baf69e06ee,capitalise.dad,available,10.81,10.81,high,low,10,porkbun,,,30/09/2026 17:01
588b8282-8cf9-4ca9-b62d-501dffd05bd8,lysogenic.dad,available,12.98,16.98,medium,low,9,namecheap,,,24/08/2026 12:42
874d8c44-6ebb-48d0-ae8e-0f82f59169d2,portions.dad,available,14,,medium,low,8,unstoppable,,,30/09/2026 14:36
ec53744c-28e7-4005-affe-30f06283316e,marvin.dad,premium,76.7,76.7,high,low,6,namecheap,,,25/09/2026 13:38
a55dee81-d3cf-4516-9519-f73749976ba8,impossibly.dad,available,12.98,16.98,medium,low,10,namecheap,,,15/09/2026 04:27
54dc0392-37b6-4221-a3a2-21554a90d765,insider.dad,premium,61.27,61.27,high,low,7,spaceship,,,29/09/2026 19:20
95cc323b-24dd-4d5f-b08f-aecf1fb721fe,producers.dad,premium,30.22,30.22,medium,low,9,spaceship,,,28/09/2026 23:09
9ddbd2ff-96ae-4f1c-83f2-fab5392302ae,rucksack.dad,available,16.99,18.99,high,low,8,name.com,,,21/09/2026 14:41
02758bed-0121-44f3-8bc1-2514265233fa,saprozoic.dad,available,12.98,16.98,high,medium,9,namecheap,,,09/09/2026 21:25
73387784-62e7-4a72-ab3f-87c0c0d19473,angry.dad,premium,161.25,161.25,high,low,5,name.com,,,
b47d086e-2632-4d5d-97a2-d3ec34215cdb,strabo.dad,available,14,,medium,low,6,unstoppable,,,29/09/2026 15:36
cb9d672b-6065-498c-b750-61eb17895b41,carver.dad,premium,,,high,low,6,,,,29/09/2026 11:53
7342d0ae-3a95-4390-97b3-d5e6601865f8,select.dad,premium,623.75,623.75,high,medium,6,name.com,,,22/09/2026 23:07
35ccdcd2-68b7-4f96-8d34-dd32d4cb9980,rajasthan.dad,available,10.52,10.52,medium,low,9,spaceship,,,29/09/2026 03:42
171f1f65-0a1a-4509-83fd-d310ac2b0c1f,infrared.dad,premium,37.7,37.7,high,low,9,namecheap,,,04/09/2026 07:52
5848ccf2-17f7-4417-b506-aa667c2347b2,finished.dad,available,12.98,16.98,high,low,8,namecheap,,,24/09/2026 18:27
119cbf18-ef20-43c2-8c70-4634f57b845d,fruit.dad,premium,257.92,257.92,high,low,5,spaceship,,,29/09/2026 20:03
6d77ff47-4d85-40da-9867-aa875012ba19,advertising.dad,premium,249.2,257.92,high,low,11,unstoppable,,,01/10/2026 02:54
9945cac9-e56c-419f-94c2-56d6a2359668,decca.dad,available,14,,medium,low,5,unstoppable,,,28/09/2026 21:44
e4f46330-8b7a-4044-9f51-d2c0a7121093,dominic.dad,premium,37.7,37.7,high,low,7,namecheap,,,27/09/2026 03:45
b4b03669-b8ae-4923-9fd8-902d2b98fb8c,tapes.dad,available,12.98,16.98,medium,low,5,namecheap,,,25/09/2026 21:42
9ccacd66-632f-4358-81a9-9e68af1329e9,prenatal.dad,available,12.98,16.98,high,low,8,namecheap,,,22/09/2026 05:55
52942120-19dd-4091-b3e3-e11b5351165a,enactment.dad,available,12.98,16.98,medium,low,9,namecheap,,,17/09/2026 04:06
6e57a477-1f58-4eca-9a4c-9d9016f85b76,commencing.dad,available,10.52,10.52,medium,low,10,spaceship,,,30/09/2026 06:14
5f79e895-476f-4532-8da8-a15c2e313257,orissa.dad,available,10.52,10.52,medium,low,6,spaceship,,,30/09/2026 18:16
7729713a-fd88-47ac-b239-f500b2f6dfa2,launcher.dad,available,10.81,10.81,high,low,8,porkbun,,,01/10/2026 02:51
a043d36c-6165-4be4-813e-131f98976b94,amethyst.dad,available,12.98,16.98,high,low,8,namecheap,,,22/09/2026 04:15
ba53ac64-a363-4492-967e-a9147a67dda2,townsville.dad,available,10.81,10.81,medium,low,10,porkbun,,,30/09/2026 22:10
b8776af7-3f1c-427d-ae20-6b6e1acacb81,adjuster.dad,available,12.98,16.98,high,low,8,namecheap,,,17/09/2026 08:32
b820faf9-b625-4e75-82ce-a7e95ec833e8,ravaged.dad,available,12.98,16.98,medium,low,7,namecheap,,,14/08/2026 04:29
2fbe5a01-72c6-49ea-b11c-caacbee999c2,tasman.dad,available,12.98,16.98,medium,low,6,namecheap,,,16/09/2026 14:58
49420445-1c71-4300-b82b-68c4620d896e,felony.dad,available,10.2,10.2,medium,low,6,cloudflare,,,28/09/2026 09:45
a9710da3-e17b-447f-bc2f-53504e306372,jogging.dad,available,19.99,19.99,high,low,7,godaddy,,,30/09/2026 02:05
309c8862-cfef-4e49-8f96-e9f7035c0609,leah.dad,premium,37.7,37.7,high,low,4,namecheap,,,27/09/2026 07:15
8dbf39b2-d63e-4438-ab14-a434897325c8,chest.dad,premium,76.7,76.7,high,low,5,namecheap,,,24/09/2026 10:14
382d0b6e-44fb-40fa-9178-bee65b870e14,grenoble.dad,available,14,,medium,low,8,unstoppable,,,28/09/2026 19:22
b7b5406b-29a0-4785-a1c4-51cc85740f86,rig.dad,premium,76.7,76.7,high,low,3,namecheap,,,20/09/2026 11:18
76db4967-c86e-4af7-88e6-6d3327f44ff6,libby.dad,available,19.99,19.99,high,low,5,godaddy,,,28/09/2026 02:15
ebe781c4-6f62-42f6-bce7-df5c0f861c68,cromwell.dad,available,10.2,10.2,high,medium,8,cloudflare,,,30/09/2026 09:17
d5fed649-83f5-4b44-b4c9-6c91acf7f8fa,cloning.dad,available,16.99,18.99,high,low,7,name.com,,,24/09/2026 15:52
2172a26c-d0b1-46fa-b55b-53070e641ed0,bagdad.dad,available,10.2,10.2,medium,low,6,cloudflare,,,29/09/2026 00:26
59350f13-2ee5-4ca9-93af-17d42dc7266d,bankhead.dad,available,12.98,16.98,medium,low,8,namecheap,,,22/09/2026 02:47
061eb0f9-0a6a-4215-b704-aea6edf12242,belted.dad,available,12.98,16.98,medium,low,6,namecheap,,,09/08/2026 14:02
42b8cd14-7d3c-404c-af15-16042deb3e55,braxton.dad,available,10.81,10.81,high,low,7,porkbun,,,29/09/2026 11:12
edc45d1b-a70b-495d-8e4f-91aaf17b12bb,unlighted.dad,available,12.98,16.98,medium,low,9,namecheap,,,12/09/2026 13:01
5c6e59e7-0760-4549-899a-88e87994b761,executable.dad,available,12.98,16.98,high,low,10,namecheap,,,17/08/2026 16:50
bc641178-8eec-40b7-a25a-666f4b8700af,springtime.dad,available,16.98,,high,low,11,namecheap,,,
d06255b4-fdf6-4617-9f3d-b50fcc11a624,cork.dad,premium,64.93,64.93,high,low,4,porkbun,,,29/09/2026 00:12
2e77c50e-6d91-4323-9b76-8529c5c4da23,unlikable.dad,available,12.98,16.98,medium,low,9,namecheap,,,12/09/2026 00:58
2b17c563-c84a-4ce4-989c-bb6ed2f95848,travelable.dad,available,12.98,16.98,medium,low,10,namecheap,,,11/09/2026 19:05
45f6a7f2-3d19-45fb-a28c-babcaed14fc5,roulette.dad,premium,257.92,257.92,high,low,8,spaceship,,,01/10/2026 20:21
2db731df-3eb4-472b-a22d-b786c1f2f50a,unschooled.dad,available,12.98,16.98,high,low,10,namecheap,,,12/09/2026 18:54
547aa043-83d5-4f42-b7bd-4badb607b146,ups.dad,premium,,,high,medium,3,,,,29/09/2026 08:49
1334ebfb-bdfa-46b9-82f8-884e121225e6,chariot.dad,available,14,,high,low,7,unstoppable,,,29/09/2026 11:53
e42e5b19-486c-4a0e-80e4-41ce4017e4eb,implementing.dad,available,12.98,16.98,medium,low,12,namecheap,,,01/10/2026 16:36
a347721d-5e91-49d0-8392-fc7a8a0835b9,amati.dad,available,12.98,16.98,high,low,5,namecheap,,,18/09/2026 16:09
92a3b498-ba28-4b26-82f3-49f0b67fda63,abbreviated.dad,available,10.2,10.2,medium,low,11,cloudflare,,,30/09/2026 19:14
2e19bfa0-281e-4722-83fc-96faf59f36df,argyle.dad,available,12.98,16.98,high,low,6,namecheap,,,20/09/2026 04:57
f3da561a-85ac-402d-b9ab-fbb794af485a,anybody.dad,premium,30.22,30.22,medium,low,7,spaceship,,,01/10/2026 00:36
ce54e155-9f19-4f56-b590-6573ac0d01d8,sunglass.dad,available,14,,high,low,8,unstoppable,,,30/09/2026 12:22
a054ffb8-5ade-49be-a713-b31eb6517000,credentials.dad,available,12.98,16.98,high,low,11,namecheap,,,28/09/2026 08:17
0f989e13-d767-4556-ba89-81406ba2d1fe,literary.dad,available,14,16.98,high,low,8,unstoppable,,,28/09/2026 07:59
411126d4-2b8d-4290-aa70-2b39c87d87ac,stoll.dad,available,12.98,16.98,medium,low,5,namecheap,,,02/10/2026 02:06
5df341f0-8470-4e89-9606-d4d2b729abe7,rican.dad,available,12.98,16.98,high,low,5,namecheap,,,25/09/2026 13:13
c58c876e-be3e-45a5-8800-588039f5f53b,punctuate.dad,available,12.98,16.98,high,low,9,namecheap,,,16/09/2026 21:54
0f0ac6c2-c3e1-4da2-afd6-88bfe1ec8c75,chunk.dad,available,14,,medium,low,5,unstoppable,,,29/09/2026 06:21
3598b9b8-e33f-42f0-a1f9-027ef4eb1c26,aalii.dad,available,12.98,16.98,medium,low,5,namecheap,,,16/09/2026 13:12
dc518cc0-82be-4f46-b67e-983ff4d38df4,indra.dad,premium,,,high,low,5,,,,29/09/2026 13:07
acd28b19-eb17-4006-a083-331c0ab0c813,jiangxi.dad,available,10.52,10.52,medium,low,7,spaceship,,,01/10/2026 09:43
47c8fdd9-8915-4ca9-832c-fd4e823d93c4,elizabeth.dad,premium,167.7,167.7,high,low,9,namecheap,,,25/09/2026 05:29
07d03d43-77ba-4d8a-b5a7-c628c5860252,lathery.dad,available,12.98,16.98,medium,low,7,namecheap,,,22/08/2026 20:36
904e3273-9c34-41b5-bf43-4e5eb931f7dd,upriver.dad,available,12.98,16.98,medium,low,7,namecheap,,,12/09/2026 23:26
b3585181-9b51-4c41-a1c2-74d9d2b1b49b,disturbing.dad,available,12.98,16.98,medium,low,10,namecheap,,,14/08/2026 13:16
6f3b01f0-938c-4e10-a266-b40e45408ac9,vinson.dad,available,10.2,10.2,medium,low,6,cloudflare,,,29/09/2026 12:24
1b9b96cd-7209-4f0b-8778-5516e514b354,sitcom.dad,available,10.52,10.52,high,low,6,spaceship,,,01/10/2026 21:43
901b0bef-e02e-4609-8f5a-3bcb8494234e,decent.dad,available,,,high,low,6,,,,
cf22a9dd-48f4-4b79-b627-caabf82ddb1e,lyrically.dad,available,12.98,16.98,medium,low,9,namecheap,,,15/09/2026 13:16
826c6e96-d87c-4818-8170-7bc9a26064fd,wilmington.dad,available,12.98,16.98,high,low,10,namecheap,,,25/09/2026 11:01
3ddc6b99-4bbe-4d34-b4d0-77c5f5d104a0,dues.dad,available,16.99,18.99,high,low,4,name.com,,,19/09/2026 19:46
1759e8c5-91f1-4a92-a16c-1e16c54071fe,perak.dad,available,10.81,10.81,medium,low,5,porkbun,,,01/10/2026 07:56
8da6e075-24a6-489b-9345-90d59177e932,exclamation.dad,available,16.98,,high,low,11,namecheap,,,
daceaa16-6c7c-41df-8331-c0f79cac7637,harbour.dad,premium,59.2,,high,low,7,unstoppable,,,29/09/2026 01:13
0ffc637c-8222-4c68-a351-20f262e0ce58,embedded.dad,premium,73.75,73.75,high,low,8,name.com,,,16/08/2026 08:42
23b7e0e7-25ed-4616-a6a9-f44110a35c10,perpetual.dad,available,12.98,16.98,high,low,9,namecheap,,,
e12776f2-6d8b-40f4-90a9-2312771558d8,edo.dad,premium,,,high,low,3,,,,28/09/2026 01:23
d13c4b8a-21a3-4f1f-8c66-b36d4fb42075,limitation.dad,available,10.52,10.52,medium,low,10,spaceship,,,30/09/2026 03:01
c3d66ccc-91ed-47f5-a5a3-ddcd8143b112,excluding.dad,available,14,,medium,low,9,unstoppable,,,30/09/2026 03:59
5ff33738-9862-4a96-bc7b-7b8974759ee9,every.dad,premium,516.67,516.67,high,medium,5,spaceship,,,01/10/2026 00:41
fcfd64c4-7a3e-4037-a0eb-636d63f6d779,doing.dad,premium,167.7,167.7,high,low,5,namecheap,,,25/09/2026 11:30
b700014f-2423-407f-a4f1-5ce3b1726bb0,pinnate.dad,available,12.98,16.98,high,medium,7,namecheap,,,08/09/2026 19:48
55dba759-9060-445c-a40e-32a2fc4c1f61,bioethics.dad,available,12.98,16.98,high,low,9,namecheap,,,23/09/2026 17:56
1babcaa4-819a-4990-b420-69065ce5cfdc,subjective.dad,available,12.98,16.98,high,low,10,namecheap,,,25/09/2026 07:50
a12ae5c6-7dc1-4ce2-b9f1-248f8b37295c,thu.dad,premium,,,medium,low,3,,,,30/09/2026 19:35
c0eed9e5-8adf-44ad-b144-14e5e6298392,corny.dad,available,12.98,16.98,high,low,5,namecheap,,,23/09/2026 23:25
c5732832-17c6-4cf5-b73f-639dc9db9351,piano.dad,premium,648.7,648.7,high,low,5,namecheap,,,27/09/2026 03:41
6b493644-fc02-4938-8a3d-2f0fea207fdf,caoutchouc.dad,available,12.98,16.98,high,medium,10,namecheap,,,09/09/2026 19:12
b3a33c93-7939-4316-a0b7-dbf464515d99,seeable.dad,available,12.98,16.98,medium,low,7,namecheap,,,10/09/2026 01:41
6d791c7d-f523-4633-8820-f76ec3df9b2b,operant.dad,available,12.98,16.98,high,low,7,namecheap,,,04/09/2026 16:22
c30a8249-81db-4f7d-9808-6980082231f1,broadcaster.dad,available,10.81,10.81,high,low,11,porkbun,,,02/10/2026 02:31
085f9403-6005-420a-9a1f-b299577174db,calculated.dad,available,12.98,16.98,high,low,10,namecheap,,,11/08/2026 13:58
6ce4fe97-805c-49ee-ba47-7f7cfb85f0f1,emergencies.dad,available,10.52,10.52,medium,low,11,spaceship,,,29/09/2026 16:56
703a9fd5-d1c1-44a5-a35c-d6bd3dcc293d,versailles.dad,available,10.52,10.52,high,low,10,spaceship,,,29/09/2026 19:53
8363abee-4300-452b-a7b7-140836e35718,experiencing.dad,available,10.52,10.52,high,low,12,spaceship,,,28/09/2026 13:20
0025a806-b790-4c5c-bad7-6f10d5485647,har.dad,premium,,,high,low,3,,,,29/09/2026 03:11
13984f6b-89a4-40ff-b09a-0f9bbb9a0258,bilberry.dad,available,12.98,16.98,medium,low,8,namecheap,,,23/09/2026 15:37
6020e324-9ca5-40fe-9b34-c0808c53e064,twirl.dad,available,10.2,10.2,high,low,5,cloudflare,,,28/09/2026 02:49
077a0151-9c0d-4535-944d-0258089e30dd,usually.dad,available,14,,medium,low,7,unstoppable,,,28/09/2026 14:12
09027056-b78d-4eca-89eb-d69742253a78,cbo.dad,premium,76.7,76.7,high,low,3,namecheap,,,30/09/2026 04:30
435fe797-459c-4948-87f3-082dbef86734,recall.dad,premium,76.7,76.7,high,low,6,namecheap,,,24/09/2026 11:46
00f8324a-1656-41dd-b0d7-84af28f9723a,liaoning.dad,available,12.98,16.98,medium,low,8,namecheap,,,30/09/2026 13:11
ee8a9536-7d5c-4005-9c2b-ac6dae875c5b,eames.dad,available,10.52,10.52,medium,low,5,spaceship,,,01/10/2026 18:56
608380f0-f7e3-4f56-b561-e5b8e3351fd7,veteran.dad,premium,61.27,61.27,high,low,7,spaceship,,,28/09/2026 10:15
d3c1dd09-80db-4bf0-8b1a-d1c085ca3951,baptisia.dad,available,12.98,16.98,medium,low,8,namecheap,,,22/09/2026 03:24
569f0d1c-b72c-4b27-99cb-6eec8b374793,muggy.dad,available,12.98,16.98,medium,low,5,namecheap,,,03/09/2026 10:31
63bdcf61-73e3-4a85-9ada-65339a5ae4a8,firebug.dad,available,12.98,16.98,medium,low,7,namecheap,,,22/08/2026 00:57
a397fb58-1409-45a5-ac64-1e6d2d60f970,anole.dad,available,12.98,16.98,medium,low,5,namecheap,,,18/09/2026 19:28
2c26ce18-31fe-4cc6-887c-7194b5b8eb98,modeler.dad,available,14,,high,low,7,unstoppable,,,30/09/2026 04:46
0d272ba3-fa53-438a-801a-4065d4d83d37,abduction.dad,available,12.98,16.98,medium,low,9,namecheap,,,16/09/2026 14:51
1fff50e0-26f1-41d6-8e59-fadb588c7fd6,alidade.dad,available,12.98,16.98,medium,low,7,namecheap,,,18/09/2026 07:31
306c4f95-b0e7-4555-bfc9-de0db3684b15,rhine.dad,available,10.52,10.52,high,low,5,spaceship,,,30/09/2026 17:42
ba472327-6b0c-4d16-bdf5-55b3f9990831,tempted.dad,available,10.52,10.52,medium,low,7,spaceship,,,29/09/2026 16:59
e963fd24-ee41-4faa-91e3-6ca25d3c4218,insensitive.dad,available,10.52,10.52,medium,low,11,spaceship,,,29/09/2026 03:19
5d8b9320-ee25-406e-82fc-1ea0030cf5de,bobtail.dad,available,12.98,16.98,high,low,7,namecheap,,,10/08/2026 16:39
77f5561c-be55-4cae-91ee-3d52b63447f8,tasselled.dad,available,12.98,16.98,medium,low,9,namecheap,,,11/09/2026 08:58
58cb0529-701f-404d-a404-e15b6fb73051,renew.dad,premium,167.7,167.7,high,low,5,namecheap,,,19/09/2026 08:23
07e252bc-16f0-45a0-aab0-2098fce0b080,affinal.dad,available,12.98,16.98,high,low,7,namecheap,,,
b10303ab-5e65-4082-94e3-71f11456c46f,laughable.dad,available,12.98,16.98,high,low,9,namecheap,,,23/09/2026 15:25
4c723d12-a38b-47d2-819c-05eedd005212,southbound.dad,available,12.98,16.98,high,medium,10,namecheap,,,10/09/2026 14:47
be6b7418-a639-4643-a6dd-431689330bd1,aquarium.dad,premium,167.7,167.7,high,low,8,namecheap,,,19/09/2026 23:02
b3447915-8886-4dec-a7b5-ff6d68bd771a,dose.dad,premium,59.2,,high,low,4,unstoppable,,,29/09/2026 00:13
b02128bc-b3b4-4769-8084-f3cd407a54e1,igm.dad,premium,61.27,61.27,high,low,3,spaceship,,,01/10/2026 02:41
8508de78-0dbb-4eed-9846-ff53e7c37d33,enjoy.dad,premium,257.92,257.92,high,medium,5,spaceship,,,30/09/2026 09:44
99b1aa78-541b-4e95-ae1d-e5ffb8bb0f87,faculty.dad,premium,59.2,,high,low,7,unstoppable,,,28/09/2026 09:44
1effa069-bec6-443e-8c12-de2e17f7c50a,nescience.dad,available,12.98,16.98,medium,low,9,namecheap,,,12/09/2026 14:26
52d51905-aea5-4ad3-892a-1fed48d5cc68,alastair.dad,available,10.52,10.52,high,low,8,spaceship,,,01/10/2026 08:31
9d91b8e2-d2b1-457a-ae7b-865ad6ebaa7c,erst.dad,available,12.98,16.98,medium,low,4,namecheap,,,17/08/2026 13:07
a136b0a8-03b5-4c8d-9264-396f440c233f,simeon.dad,available,10.52,10.52,medium,low,6,spaceship,,,01/10/2026 21:41
fd8b243d-fe41-4ee0-b130-5ebabe867f8d,champion.dad,premium,167.7,167.7,high,low,8,namecheap,,,21/09/2026 17:32
2d2b4281-46ae-4f28-a0ac-38f843b2a9fa,palmatifid.dad,available,12.98,16.98,medium,low,10,namecheap,,,05/09/2026 00:03
800d3272-a265-453a-8f12-50f003580b2a,biogenic.dad,available,12.98,16.98,high,low,8,namecheap,,,10/08/2026 01:27
d9edcd53-a380-4de2-b48b-262b4c65f7f0,gamba.dad,available,12.98,16.98,medium,low,5,namecheap,,,22/09/2026 11:54
9512126a-1c98-4cb4-b08d-1044a1b418f1,trick.dad,premium,76.7,76.7,high,low,5,namecheap,,,22/09/2026 06:28
967ed3df-bbc7-4aa4-a402-0e85775cee9d,carlyle.dad,available,10.2,10.2,medium,low,7,cloudflare,,,28/09/2026 02:01
a68939f1-d10b-4b68-8204-bbe02ae9156b,upward.dad,premium,129.2,,high,low,6,unstoppable,,,28/09/2026 09:54
fad26cd1-a80f-4fc0-8c34-07d8830ccae2,landscapes.dad,available,10.52,10.52,medium,low,10,spaceship,,,01/10/2026 18:18
8eba6967-3898-4b44-8896-e9d8a5bb2545,hartley.dad,available,12.98,16.98,high,low,7,namecheap,,,25/09/2026 04:45
60967ac0-8396-4fbd-8785-d86c4b426f0b,forgets.dad,available,10.2,10.2,medium,low,7,cloudflare,,,30/09/2026 16:05
fbab0347-b19d-4953-bb79-04e28020b393,larboard.dad,available,12.98,16.98,medium,low,8,namecheap,,,22/08/2026 19:51
a466b925-4263-4b8e-805b-9b551666493d,pergola.dad,premium,37.7,37.7,medium,low,7,namecheap,,,20/09/2026 01:00
e7359f64-35fa-4b54-963c-83d6b76f572a,instructor.dad,premium,,,high,low,10,,,,28/09/2026 02:10
807bccf0-e492-4852-ae77-383342e77e00,threatening.dad,available,10.81,10.81,medium,low,11,porkbun,,,01/10/2026 18:33
68c5b2e5-251a-4f9d-831f-4d05ff7af02c,lax.dad,premium,73.75,73.75,medium,low,3,name.com,,,22/08/2026 21:22
835c19d5-4742-496b-8a9b-192b341d09c3,taoism.dad,available,10.2,10.2,medium,low,6,cloudflare,,,30/09/2026 16:55
6a27a601-3fed-4ea7-b0ce-835b648ea853,basotho.dad,available,12.98,16.98,medium,low,7,namecheap,,,22/09/2026 11:35
ee57e1b9-5a58-4bf6-a527-6b73efac008f,dslr.dad,premium,30.22,30.22,high,low,4,spaceship,,,02/10/2026 01:25
fb5f2ca7-2937-447f-abb0-a31d9ca1b67b,stretching.dad,available,10.52,10.52,medium,low,10,spaceship,,,29/09/2026 02:14
f1f51be2-2f2c-46bb-aaee-45ffb2fe98cc,yalta.dad,available,14,,medium,low,5,unstoppable,,,30/09/2026 19:08
26e5d165-55c5-4d84-a220-1186a58fde2c,swallows.dad,available,10.52,10.52,medium,low,8,spaceship,,,01/10/2026 18:08
beedf304-c169-4beb-ab58-ab3434b6823b,cost.dad,premium,623.75,,high,low,4,name.com,,,29/09/2026 11:43
e5a5cd5b-705a-44ac-bf00-dfc86d3a288b,briggs.dad,available,12.98,16.98,high,low,6,namecheap,,,25/09/2026 15:50
8270d2b5-f919-42a3-8b7e-8bea43406a2c,prop.dad,premium,76.7,76.7,high,low,4,namecheap,,,17/09/2026 23:19
343a45bb-ba3e-4ebb-9ffc-a2f7e3d7d855,baden.dad,premium,167.7,167.7,medium,low,5,namecheap,,,25/09/2026 13:59
acd2b9ee-5ebe-469a-8d98-3ff1f6accdcb,icd.dad,premium,,,high,low,3,,,,01/10/2026 07:28
283ad52b-6858-43fc-915b-f3712f33eb9c,orderly.dad,available,12.98,16.98,high,low,7,namecheap,,,03/09/2026 14:34
acaef806-80ea-426d-8150-2c338ceacac6,drives.dad,premium,167.7,167.7,medium,low,6,namecheap,,,25/09/2026 17:24
9f1ffe3b-3a43-4b71-ac58-60ae5d075ca1,syringe.dad,available,10.81,10.81,high,low,7,porkbun,,,30/09/2026 11:09
26b72b0f-8df0-4535-bf87-d981731cff08,projections.dad,available,10.52,10.52,medium,low,11,spaceship,,,30/09/2026 06:43
bbab8964-7bc4-4154-a28d-a2ecf8e9016f,apologize.dad,available,10.52,10.52,high,low,9,spaceship,,,30/09/2026 15:06
566077b0-88b5-4bf9-8ab8-baaf44d5e880,record.dad,premium,648.7,648.7,high,low,6,namecheap,,,24/09/2026 19:29
6c888450-3b0d-4d22-93a6-1b3b0551f9dc,creeps.dad,available,10.52,10.52,medium,low,6,spaceship,,,01/10/2026 01:37
26f6a2c5-d27c-4310-8a2e-eec2c0dd68fe,disarmed.dad,available,10.52,10.52,medium,low,8,spaceship,,,01/10/2026 16:34
7d5ccdb2-b15e-48b8-87e7-78489feb3c83,teaspoons.dad,available,12.98,16.98,medium,low,9,namecheap,,,19/09/2026 22:48
6f2c2e32-48da-4254-9bf2-11df203a86e3,outer.dad,premium,37.7,37.7,high,low,5,namecheap,,,01/10/2026 03:47
0c82d7da-6031-44bf-9c4a-80721656fa55,gravely.dad,available,12.98,16.98,medium,low,7,namecheap,,,13/09/2026 23:09
f4ac8855-0138-46ff-b727-aecd7964bc34,realised.dad,available,12.98,16.98,high,low,8,namecheap,,,23/09/2026 17:33
bd5aead3-47eb-4193-8677-e77a3b892c92,photo.dad,premium,1034.17,1034.17,high,medium,5,spaceship,,,02/10/2026 02:27
9763220a-39ca-4bc0-8614-25e282e2b65a,slr.dad,premium,76.7,76.7,high,low,3,namecheap,,,02/10/2026 02:08
4d11a07f-5bcb-4d7d-a378-3a82c61ff7b5,ringer.dad,available,12.98,16.98,high,low,6,namecheap,,,23/09/2026 05:42
701e18d9-bf29-452b-b9cb-6c32b0299907,jelly.dad,premium,64.93,64.93,high,low,5,porkbun,,,30/09/2026 00:47
a221f660-f62d-476a-bf69-51bd2eeee063,shoeless.dad,available,12.98,16.98,medium,low,8,namecheap,,,08/08/2026 19:04
9029f672-dfc6-4408-a69e-0cc491aa7a12,locking.dad,available,10.52,10.52,medium,low,7,spaceship,,,28/09/2026 06:12
0b0a72dc-c5ae-4266-972c-166cfcfcf99e,heavens.dad,available,12.98,16.98,high,low,7,namecheap,,,16/08/2026 21:00
35ff473c-7e1a-4ad5-83ee-9329baebaa1d,chauffeur.dad,available,10.52,10.52,high,low,9,spaceship,,,29/09/2026 11:53
e4bc60dc-2fef-40b4-9b4a-fc2079448bba,fairfax.dad,premium,37.7,37.7,high,low,7,namecheap,,,25/09/2026 15:13
b5da0bf2-6337-4a7d-b522-0cf7c39265da,volary.dad,available,12.98,16.98,medium,low,6,namecheap,,,21/09/2026 09:24
abbfe678-24af-43a0-aa4d-293e6f5b3dc8,pascual.dad,available,14,,medium,low,7,unstoppable,,,02/10/2026 02:24
216abe04-44ae-4c18-a6f0-937b34bd55e6,guineas.dad,available,10.2,10.2,medium,low,7,cloudflare,,,01/10/2026 17:45
41a5354a-9757-4eb6-8562-f3ce43924a25,screechy.dad,available,12.98,16.98,medium,low,8,namecheap,,,10/09/2026 00:01
c6b744b8-f732-4d62-9764-36525d1ffda4,hiram.dad,available,10.52,10.52,medium,low,5,spaceship,,,27/09/2026 19:47
a2458dd6-1164-4ecd-8014-38a1d49affe0,diabetes.dad,premium,311.25,,high,low,8,name.com,,,29/09/2026 14:48
064daa00-0863-4c58-b35e-d7ad7fe56281,quit.dad,premium,76.7,76.7,high,low,4,namecheap,,,24/09/2026 13:22
31d06204-5923-4165-8b8a-24ba43725460,globalization.dad,available,10.2,10.2,medium,low,13,cloudflare,,,01/10/2026 13:13
8bc3ea90-dcd6-474f-930c-407dc5238ad2,disorders.dad,available,12.98,16.98,medium,low,9,namecheap,,,20/09/2026 00:40
d43c447c-cbfa-45b2-b6f9-aff76bdf81b6,annals.dad,available,12.98,16.98,high,low,6,namecheap,,,19/09/2026 10:05
f9e6cae8-ef40-4eeb-a609-bfe57b0bd971,vivid.dad,premium,76.7,76.7,high,low,5,namecheap,,,25/09/2026 13:33
8df3d072-55c1-4ca0-9d8e-c0554944bb03,harmsworth.dad,available,12.98,16.98,high,low,10,namecheap,,,18/09/2026 06:27
fd554023-ee4d-42f5-8eb6-f7c58cffed44,binding.dad,premium,37.7,37.7,high,low,7,namecheap,,,22/09/2026 20:51
b7b484c8-3e2b-4cc8-8417-bdef4e82ce09,drone.dad,premium,648.7,648.7,high,medium,5,namecheap,,,25/09/2026 13:01
0b994693-bb76-43b7-982d-735eb0c6e143,hayastan.dad,available,12.98,16.98,medium,low,8,namecheap,,,20/09/2026 06:40
0dd7c224-e3b3-4a0f-9972-aa14eed43875,replying.dad,available,12.98,16.98,medium,low,8,namecheap,,,18/09/2026 12:55
6cd49292-abc6-4dc0-93be-65b353d2d3e5,half.dad,premium,1298.7,1298.7,high,low,4,namecheap,,,27/09/2026 04:43
7d5c2db3-0b70-48d1-b1f8-a7234deb667a,chalmers.dad,available,10.52,10.52,medium,low,8,spaceship,,,27/09/2026 20:38
413c120f-5d9c-44d6-b284-c0d05729e08c,pyemic.dad,available,12.98,16.98,high,medium,6,namecheap,,,09/09/2026 06:48
5a5383d6-1d71-44ac-807d-58ee348fdeba,brainless.dad,available,12.98,16.98,medium,low,9,namecheap,,,11/08/2026 01:41
400bb594-5869-4e51-927c-412c9bc3c6b2,stroppy.dad,available,12.98,16.98,medium,low,7,namecheap,,,10/08/2026 17:59
9c1133a3-8987-4148-baf8-e4b5a5da0ed4,shirtless.dad,available,10.52,10.52,medium,low,9,spaceship,,,01/10/2026 21:20
376c9c36-ca56-4699-9a18-014de799ebc0,napkin.dad,available,10.52,10.52,high,low,6,spaceship,,,28/09/2026 08:00
6550959e-21de-4e33-bc29-098d97ca1a0a,ampoule.dad,available,16.99,18.99,medium,low,7,name.com,,,18/09/2026 23:49
d175f39d-33ef-47d1-a856-a85a0f78f1fe,candace.dad,available,10.52,10.52,high,low,7,spaceship,,,01/10/2026 23:08
0fe31684-dd71-421a-8fe1-feb504828299,international.dad,premium,323.7,323.7,high,medium,13,namecheap,,,25/09/2026 11:34
e86b0314-c8cd-4e97-8d1c-0f9d228bc9a3,thongs.dad,available,12.98,16.98,medium,low,6,namecheap,,,19/09/2026 22:16
10c869fe-fa41-4ada-9574-1814ba79a487,capsulize.dad,available,12.98,16.98,medium,low,9,namecheap,,,11/08/2026 18:15
f6c0d4be-b7bd-4579-ac54-7d8451505286,infestation.dad,available,14,,medium,low,11,unstoppable,,,02/10/2026 01:54
90bba09e-efa1-4204-bea8-b918f6e7a5db,researcher.dad,premium,37.7,37.7,high,low,10,namecheap,,,01/10/2026 11:13
59e57aa8-aa82-4f1c-88cb-252700ab9643,tilled.dad,available,12.98,16.98,medium,low,6,namecheap,,,11/09/2026 15:57
41c9593b-c892-4db4-af0c-7f1f14c41851,angioma.dad,available,12.98,16.98,medium,low,7,namecheap,,,19/09/2026 06:14
2d49b900-e445-4ae9-837e-c74c30a032da,fiesta.dad,premium,323.7,323.7,high,low,6,namecheap,,,01/10/2026 02:03
3c1ed0b9-a3a6-43c8-a407-9ac7796f3acc,unshadowed.dad,available,12.98,16.98,low,low,10,namecheap,,,12/09/2026 19:29
754bc6ec-2a3e-4a8c-8b1e-93559f81ad78,mari.dad,premium,61.27,61.27,high,low,4,spaceship,,,28/09/2026 01:39
40d0161d-a6a5-4f0b-ad18-b33545ddc31f,adience.dad,available,12.98,16.98,medium,low,7,namecheap,,,17/09/2026 08:09
3f373fc6-64b5-425e-9d22-63097cf2212d,monash.dad,available,10.52,10.52,high,medium,6,spaceship,,,01/10/2026 10:54
3fb9dca4-8b74-43c5-af0c-785e574c350e,hawke.dad,available,14,,medium,low,5,unstoppable,,,29/09/2026 15:41
6e250680-75d4-426d-97bc-6e8b0729b886,heart.dad,premium,648.7,648.7,high,low,5,namecheap,,,23/09/2026 13:28
adabf6f0-5d3b-42be-a9ab-893bf847d70f,encrusted.dad,available,12.98,16.98,medium,low,9,namecheap,,,13/08/2026 09:24
aa167405-3723-49c6-b389-59e182d08484,nadine.dad,premium,30.22,30.22,medium,low,6,spaceship,,,29/09/2026 22:08
05074680-f5e9-4d65-af53-01bb89345b95,nevis.dad,available,14,,high,low,5,unstoppable,,,29/09/2026 07:42
afa18269-46c3-4d1f-9302-3222ad463284,sham.dad,premium,36.25,36.25,medium,low,4,name.com,,,07/08/2026 08:06
b4b5cb16-4b14-4121-bebc-6d0915a78d1e,aggregator.dad,available,12.98,16.98,high,low,10,namecheap,,,17/09/2026 17:29
76627672-163d-48e7-a2ad-0f169c3848ce,curium.dad,available,12.98,16.98,medium,low,6,namecheap,,,21/09/2026 00:13
920dddfa-1a55-42d9-b7fe-194f5058384c,slighting.dad,available,12.98,16.98,medium,low,9,namecheap,,,09/08/2026 13:15
d0f76b6c-7b79-4ae7-9ff1-aa343ed0f36a,increased.dad,available,12.98,16.98,high,low,9,namecheap,,,25/09/2026 08:09
fccae87b-6627-46b2-9a60-ce14e85a745c,presumable.dad,available,12.98,16.98,high,medium,10,namecheap,,,09/09/2026 01:45
b9f688f7-5a56-49da-a760-9203cf38d81c,turndown.dad,available,16.98,,high,low,9,namecheap,,,
924dea5f-f5b3-4fd6-994d-c56afc7743e8,onwards.dad,available,12.98,16.98,high,low,7,namecheap,,,14/09/2026 19:51
35e34e0a-9ef2-4194-82d6-34f4c0c5d46a,gastric.dad,available,12.98,16.98,medium,low,7,namecheap,,,18/08/2026 20:32
d3ff014d-c893-4091-8da6-280599d08ab0,unlawful.dad,available,12.98,16.98,medium,low,8,namecheap,,,21/08/2026 19:54
861ec48f-8a85-4711-b3d3-777fdf21111c,bush.dad,premium,76.7,76.7,high,low,4,namecheap,,,23/09/2026 11:53
7f1b82fd-332a-4128-b359-4671da4a18b4,antiseptic.dad,available,12.98,16.98,high,low,10,namecheap,,,22/09/2026 06:54
c01ab11f-9c32-4c9e-8cec-409cd360498a,discharge.dad,available,12.98,16.98,high,low,9,namecheap,,,20/09/2026 01:05
5520ff89-28a1-4c70-bddb-c8036c2dbc7d,venomous.dad,available,12.98,16.98,medium,low,8,namecheap,,,13/09/2026 02:08
39d727bf-68f1-49ca-b62a-d8e892ea39b6,satanic.dad,available,12.98,16.98,medium,low,7,namecheap,,,24/09/2026 05:47
64982903-91f8-4d82-baf9-0776e09755a4,curry.dad,premium,61.27,61.27,high,low,5,spaceship,,,29/09/2026 13:07
f78f1fb8-d358-404f-bb7e-567b14c9905e,unbeknown.dad,available,12.98,16.98,medium,low,9,namecheap,,,12/09/2026 01:47
6c84774b-3f49-48a4-9fcf-bc265afa1dc9,mugwump.dad,available,12.98,16.98,medium,low,7,namecheap,,,22/08/2026 02:43
ada3b376-7c47-4e6b-a083-4a398877dac0,pedigree.dad,available,12.98,16.98,high,low,8,namecheap,,,08/09/2026 13:15
e78b3a49-b73d-4ca5-8372-284134d85f74,railway.dad,premium,133.72,133.72,high,low,7,spaceship,,,28/09/2026 20:14
be6e6ca1-db60-4821-a2ec-0a3e50c6cbb6,mistakes.dad,available,12.98,16.98,medium,low,8,namecheap,,,16/09/2026 10:20
626a9e1a-1ae3-4451-9817-2e0693c33590,begonia.dad,available,12.98,16.98,high,low,7,namecheap,,,23/09/2026 02:28
1008ead7-a5c4-4385-b443-074cea25e437,pseudo.dad,premium,37.7,37.7,high,low,6,namecheap,,,09/09/2026 04:56
19316e46-f1d7-43b6-bd3d-9160556fda49,extraction.dad,available,10.52,10.52,high,low,10,spaceship,,,29/09/2026 06:50
acc6b027-de92-4b04-be05-607f617fd068,almaata.dad,available,12.98,16.98,medium,low,8,namecheap,,,18/09/2026 12:23
0e5a3285-a690-4ae3-821e-916a7dd11c14,stroller.dad,available,12.98,16.98,high,low,8,namecheap,,,18/09/2026 17:04
bb436017-e180-4a0c-9dac-58a008ef13a0,ubs.dad,premium,61.27,61.27,high,medium,3,spaceship,,,02/10/2026 00:21
f93f94a5-0cf7-4935-8fb2-a470ec392152,sloane.dad,available,10.81,10.81,high,low,6,porkbun,,,28/09/2026 16:12
e55cae33-754b-48db-a952-634cf20ca68a,rocky.dad,premium,76.7,76.7,high,low,5,namecheap,,,23/09/2026 01:13
672dab0c-320e-457e-addc-be6a7544aea5,bali.dad,premium,141.35,141.35,high,medium,4,porkbun,,,29/09/2026 00:44
b7970792-e5ee-42ae-852c-3b4769cc4868,hangbird.dad,available,12.98,16.98,medium,low,8,namecheap,,,22/09/2026 00:20
dfef3cfd-c57f-44b9-a178-ff004f6a1f4c,maxilla.dad,available,12.98,16.98,medium,low,7,namecheap,,,24/08/2026 17:52
48306d9b-2288-4051-bca9-071edcb1908a,marilyn.dad,premium,37.7,37.7,high,low,7,namecheap,,,27/09/2026 06:57
ad14c237-ffb4-408f-9a1b-ae6efd3d14a2,albino.dad,available,12.98,16.98,high,low,6,namecheap,,,18/09/2026 02:58
75384ed4-74c4-4dd9-b2a3-36aa84c8df3f,diaries.dad,premium,,,medium,low,7,,,,30/09/2026 16:07
f8b5dedd-9709-4b27-b6c2-82a258a07ef0,scars.dad,available,12.98,16.98,medium,low,5,namecheap,,,20/09/2026 11:02
8de0f913-cdad-4f62-97da-9644e113bc0a,naught.dad,available,12.98,16.98,medium,low,6,namecheap,,,03/09/2026 22:40
51cfc90b-ec7d-44ba-a4ff-16dd82b741dc,dollarfish.dad,available,12.98,16.98,medium,low,10,namecheap,,,20/09/2026 21:42
03803458-8376-49d0-9b33-9325c953d497,arthropoda.dad,available,12.98,16.98,high,low,10,namecheap,,,20/09/2026 10:41
2c63cc46-4336-45af-92a1-145cc90d18a0,cyrillic.dad,available,16.99,18.99,medium,low,8,name.com,,,13/08/2026 14:33
8e5275a0-651a-4784-ac52-2f2166967e92,practicing.dad,available,10.52,10.52,high,low,10,spaceship,,,01/10/2026 23:50
09bbac11-ade4-4d6b-b338-38a1832ed8f3,composed.dad,available,12.98,16.98,high,low,8,namecheap,,,23/09/2026 17:50
42ab26fd-ce34-4f82-be57-c89e2ea7d819,mortgaged.dad,available,12.98,16.98,medium,low,9,namecheap,,,25/08/2026 06:38
bae05ed8-9fdb-42ff-9db4-da3ffa8b27c4,hamm.dad,premium,,,medium,low,4,,,,29/09/2026 21:55
567f8ebb-00c4-4f96-b424-92ab6e1153b5,bandits.dad,available,12.98,16.98,medium,low,7,namecheap,,,21/09/2026 01:18
df19a4c8-d683-4148-a669-7753bccdef80,ike.dad,premium,61.27,61.27,high,low,3,spaceship,,,29/09/2026 17:21
f26ad038-13fb-424c-92c4-896c0c401595,dogging.dad,available,12.98,16.98,medium,low,7,namecheap,,,14/08/2026 15:03
e3b55601-c16e-4ab6-bf16-df4b79181025,enzymes.dad,available,14,,medium,low,7,unstoppable,,,30/09/2026 14:37
5789d8ac-4a2f-4cde-bf61-cdd973dd3247,nurses.dad,premium,61.27,61.27,medium,low,6,spaceship,,,28/09/2026 08:12
f2118447-705b-4bc6-869e-29f3b5a44b46,died.dad,available,16.98,,low,low,4,namecheap,,,
b5832f83-c71a-429d-9a43-83490efed28e,cultivate.dad,available,10.52,10.52,high,low,9,spaceship,,,29/09/2026 14:11
cd6cda37-6096-4b0a-b5a4-57440c2d11d2,all.dad,premium,648.7,648.7,high,medium,3,namecheap,,,22/09/2026 00:25
c88221fe-6af6-431b-ab9a-7e3ef4861ada,scads.dad,available,12.98,16.98,high,low,5,namecheap,,,14/09/2026 23:36
3ce69117-4f4d-4bab-a191-a0b341c53dd7,buggery.dad,available,12.98,16.98,medium,low,7,namecheap,,,19/09/2026 01:35
04e1c671-2b64-4f18-8501-8bfdffa2c629,works.dad,premium,648.7,648.7,high,low,5,namecheap,,,24/09/2026 21:13
7040ed34-b061-40d0-bc11-41ed9cbdd75d,relational.dad,available,12.98,16.98,high,low,10,namecheap,,,09/09/2026 13:20
d82d21d4-24ce-4a89-a9d0-24f29b44a28e,ravi.dad,premium,,,high,low,4,,,,29/09/2026 04:31
1054d434-1f60-436a-950c-56332334d0bf,lasting.dad,available,12.98,16.98,high,low,7,namecheap,,,24/09/2026 12:31
f1fcbc9a-ef30-429b-bb91-dcdd3a6b770e,circuits.dad,available,12.98,16.98,medium,low,8,namecheap,,,29/09/2026 00:07
21ab727f-e3fe-487c-abad-de01b0885e1f,realities.dad,available,12.98,16.98,medium,low,9,namecheap,,,29/09/2026 17:45
31b7abe3-5b66-4518-a3aa-96bdf09613ae,tied.dad,available,12.98,16.98,high,low,4,namecheap,,,22/08/2026 17:45
5c950ab1-3959-42d8-b86b-cf9562b35694,featherbed.dad,available,12.98,16.98,high,low,10,namecheap,,,21/09/2026 12:59
974261f9-eba8-4aec-b9cd-4225c71d9175,terminally.dad,available,12.98,16.98,medium,low,10,namecheap,,,16/09/2026 08:25
04fb37c0-431f-441e-8e13-e61836ea5c31,greed.dad,available,12.98,16.98,high,low,5,namecheap,,,21/09/2026 08:43
463cb321-a7f6-42cc-bbc2-c51e113ef63a,sunhat.dad,available,10.81,10.81,high,low,6,porkbun,,,30/09/2026 12:15
019a54a2-06d6-4db4-8eab-f3eaabb78eee,botanic.dad,available,12.98,16.98,high,low,7,namecheap,,,10/08/2026 20:46
44d5f81a-6a0a-4fc7-b99c-741bc16e9471,biodefence.dad,available,12.98,16.98,medium,low,10,namecheap,,,23/09/2026 17:51
a206a0d7-dbbc-43fb-87f3-d5bc9d15d57b,hilliard.dad,available,10.52,10.52,medium,low,8,spaceship,,,30/09/2026 00:27
5cda6395-abc7-4a5b-b872-244fba20d19d,amphibian.dad,available,12.98,16.98,high,low,9,namecheap,,,
5d27bfde-c99d-43bd-aa08-37ea1c3e7353,bizet.dad,available,12.98,16.98,medium,low,5,namecheap,,,23/09/2026 23:23
4ab1cfdb-1238-4d81-bf5d-7be267429c1d,filmable.dad,available,12.98,16.98,medium,low,8,namecheap,,,18/08/2026 04:23
4cc8040b-07ea-4dc7-be6f-ac61b1f898a5,boland.dad,available,14,,medium,low,6,unstoppable,,,29/09/2026 04:35
a5893c53-23af-4493-bb97-e1b6dcc5c4c1,tenderly.dad,available,12.98,16.98,high,low,8,namecheap,,,16/09/2026 08:17
df2797dc-2c33-45af-a0dd-f19f076a7ee7,bonzer.dad,available,12.98,16.98,medium,low,6,namecheap,,,10/08/2026 19:02
854dfe34-4693-4951-bba4-b2180a2c31e0,jedi.dad,premium,,,high,low,4,,,,30/09/2026 15:01
4d92d615-554e-470b-91b3-4f726e2edaa9,gallatin.dad,available,10.81,10.81,medium,low,8,porkbun,,,28/09/2026 22:22
0bdcf0a3-3dd4-4af4-8e33-e6203c6058d7,galaxies.dad,available,14,,high,low,8,unstoppable,,,30/09/2026 14:49
4d3d0c2c-6b9f-43c3-a527-4d890f2b914d,oengus.dad,available,12.98,16.98,medium,low,6,namecheap,,,17/09/2026 12:31
4394076f-df2e-4779-96ca-12b0fbd3370d,shrunken.dad,available,12.98,16.98,high,medium,8,namecheap,,,10/09/2026 06:58
09adcc3f-52a6-4889-a0e5-c84428938983,zones.dad,premium,,,medium,low,5,,,,29/09/2026 16:49
19724a00-d307-4aca-a0f6-11045885e6b1,complaints.dad,premium,37.7,37.7,medium,low,10,namecheap,,,18/09/2026 03:41
843566d9-4628-443c-b7a4-3c25ae7f6662,packs.dad,premium,167.7,167.7,medium,low,5,namecheap,,,20/09/2026 13:29
f47234e0-ef78-4e96-a3b9-ffd823244ee9,taller.dad,premium,37.7,37.7,medium,low,6,namecheap,,,19/09/2026 00:16
34fe9e91-a3f9-4dbd-9e06-7c4a44f25f84,ooze.dad,available,12.98,16.98,high,low,4,namecheap,,,04/09/2026 15:40
2bf7c106-ff46-4800-910d-28fef1a9176c,unevenly.dad,available,12.98,16.98,medium,low,8,namecheap,,,15/09/2026 22:30
4d24a7d4-ff14-4f42-81d3-511ee2381807,caddish.dad,available,12.98,16.98,low,low,7,namecheap,,,11/08/2026 12:43
aebd963b-5f8c-4212-af0a-f8957033d715,comprehend.dad,available,14,,high,low,10,unstoppable,,,29/09/2026 18:01
05ee3fbe-2977-4089-a879-433ad42b8513,backache.dad,available,12.98,16.98,medium,low,8,namecheap,,,21/09/2026 14:56
93993d54-2e08-4b5d-bef8-e698de505d34,stewart.dad,premium,59.2,,high,low,7,unstoppable,,,29/09/2026 17:05
8c5b3215-8c6a-43cb-b956-11eddb3bd19d,quicker.dad,available,12.98,16.98,high,low,7,namecheap,,,14/09/2026 17:44
ba84be4c-dc88-432b-b96d-e6a43382770c,returns.dad,premium,167.7,167.7,high,low,7,namecheap,,,17/09/2026 17:19
c0ce3459-947a-46ed-b996-df2b35876df1,disarmer.dad,available,12.98,16.98,medium,low,8,namecheap,,,04/09/2026 22:39
b3c88ee2-12f1-4d70-b0b4-bac1cf1c900f,fray.dad,available,10.81,10.81,medium,low,4,porkbun,,,01/10/2026 19:39
990194ff-3570-43b4-83e8-9706c16b8d8a,billed.dad,available,12.98,16.98,high,low,6,namecheap,,,09/08/2026 21:23
f4022710-4db1-41c7-809e-01f083f26402,baal.dad,premium,37.7,37.7,high,low,4,namecheap,,,21/09/2026 12:05
ce442af9-2bef-4d79-a7f6-e3ec0d6eee92,tined.dad,available,12.98,16.98,medium,low,5,namecheap,,,09/09/2026 03:20
e02644cd-39bd-471e-a9ce-32b9c86f76f2,rollo.dad,available,10.52,10.52,high,low,5,spaceship,,,01/10/2026 02:38
2ba7ab63-9e8b-40b5-9153-b51a1da4d7dc,nightclub.dad,premium,30.22,30.22,high,low,9,spaceship,,,29/09/2026 00:18
bf7e0b0a-b67c-4469-b8bb-39de21208d5f,emergent.dad,available,12.98,16.98,high,low,8,namecheap,,,16/08/2026 14:17
cde0a647-92fb-4090-8904-fd52a8019d89,ibnsina.dad,available,12.98,16.98,medium,low,8,namecheap,,,16/09/2026 18:41
782e950a-77b1-4cf6-8424-d1ff241ca2f5,wrote.dad,available,16.98,,medium,low,5,namecheap,,,
86af81de-0fa5-4b0e-a64c-f3b64ed086d8,allegiant.dad,available,12.98,16.98,high,low,9,namecheap,,,
9220dbcb-5e08-4892-9e01-c2c256c6dfb5,quote.dad,premium,516.67,516.67,high,low,5,spaceship,,,30/09/2026 00:19
2112ca15-e374-4947-9fe7-542f82297179,sot.dad,premium,73.75,73.75,medium,low,3,name.com,,,14/08/2026 20:22
83e055f2-f09f-4d06-b3df-11587c4e17cd,mute.dad,premium,36.25,36.25,high,low,4,name.com,,,13/08/2026 16:51
30a08e14-7539-4568-acd8-6638891e6bfc,gel.dad,premium,323.7,323.7,high,low,3,namecheap,,,24/09/2026 16:20
c7dd1ff4-a1eb-44d8-9650-05386b749b92,connectivity.dad,premium,32.18,32.18,high,low,12,porkbun,,,01/10/2026 17:34
f74b079f-646a-425c-b328-ee999e9a6954,unrecorded.dad,available,12.98,16.98,medium,low,10,namecheap,,,24/08/2026 07:46
bbfccbcc-631a-45c9-a4e4-389b4e1bd670,pittsburg.dad,available,10.52,10.52,medium,low,9,spaceship,,,28/09/2026 16:44
fffc4c7e-249d-46b8-af4e-a73b3b143aa9,buckshot.dad,available,12.98,16.98,high,low,8,namecheap,,,23/09/2026 20:24
b97244c6-3021-44a5-886b-441a50b2f5ac,yourselves.dad,available,16.98,,medium,low,10,namecheap,,,
bdab0447-7fa7-44dc-a3ca-ea46a56ea92d,incisively.dad,available,12.98,16.98,medium,low,10,namecheap,,,15/09/2026 07:42
cf36bafc-5c3f-4129-81bd-734fa2dbd26b,rihanna.dad,premium,36.25,,high,low,7,name.com,,,
88f62d7c-aa88-49b5-8666-755921772b51,davey.dad,available,12.98,16.98,medium,low,5,namecheap,,,28/09/2026 07:55
ba41e4c5-ddda-424c-b410-e2f7ba7ae354,intestate.dad,available,12.98,16.98,medium,low,9,namecheap,,,22/08/2026 08:24
11619886-cebe-43ec-9e75-d535122f7ba3,aire.dad,premium,76.7,76.7,high,low,4,namecheap,,,17/09/2026 23:06
196fd0de-4297-439d-8b47-3e45702fd8be,alb.dad,premium,76.7,76.7,high,low,3,namecheap,,,18/09/2026 02:20
756c785d-3ae4-423b-8dd7-64b110696c3b,upstate.dad,available,12.98,16.98,high,low,7,namecheap,,,16/09/2026 10:25
3e2d3c1a-e87f-4aca-9123-56b522d1c8f7,smack.dad,available,12.98,16.98,medium,low,5,namecheap,,,13/09/2026 23:28
f1a1187c-6509-4687-bc5b-48919e138fe1,xxix.dad,available,12.98,16.98,medium,low,4,namecheap,,,
67d6c14d-3f2f-48f5-870b-ed751478fc5a,strauss.dad,available,10.2,10.2,high,low,7,cloudflare,,,29/09/2026 13:12
48ff7399-a8f5-4e94-b31d-bc0432ed795f,temporal.dad,available,12.98,16.98,high,low,8,namecheap,,,11/09/2026 11:00
801e9be5-4cb3-4d8a-9a3f-9b0f918c4974,bmt.dad,premium,76.7,76.7,high,low,3,namecheap,,,30/09/2026 20:59
61aad9e2-00d1-42b1-8687-1ffe362595db,azimuth.dad,available,16.99,18.99,high,low,7,name.com,,,21/09/2026 10:54
4402101f-12bf-4e98-a401-0122f3f2f64d,pow.dad,premium,61.27,61.27,medium,low,3,spaceship,,,29/09/2026 01:52
dc443122-7b15-4488-a384-e275531fd1ad,bellowing.dad,available,12.98,16.98,medium,low,9,namecheap,,,23/09/2026 06:18
1fc3af55-927c-4875-82d1-a6891930f030,yearning.dad,available,10.2,10.2,high,low,8,cloudflare,,,30/09/2026 17:56
c4dcef56-954f-4bfa-86fa-429d0f867b94,mobs.dad,available,12.98,16.98,medium,low,4,namecheap,,,18/09/2026 05:11
e7effaac-a27f-4d6c-bfd1-0d6dc9027e58,shot.dad,premium,323.7,323.7,high,low,4,namecheap,,,23/09/2026 13:53
ceea1829-c285-4caa-86e4-5691b497b8cf,taco.dad,premium,133.72,133.72,high,low,4,spaceship,,,29/09/2026 21:33
b36c2e06-1bcd-4b02-8755-baf67e876f62,upright.dad,premium,36.25,36.25,high,low,7,name.com,,,17/08/2026 12:05
e0b86972-9239-4d14-92c3-8acac41b7ebd,hep.dad,premium,73.75,73.75,high,low,3,name.com,,,21/08/2026 06:44
c6f24335-e35c-433c-bfcb-2685ff757659,underclass.dad,available,12.98,16.98,medium,low,10,namecheap,,,12/09/2026 07:22
49a1e9da-12ea-450e-bbde-1c581f888107,pharmacist.dad,available,10.2,10.2,high,low,10,cloudflare,,,28/09/2026 21:46
5f1fe265-08c7-4fea-8c4d-d9b846a5df27,barons.dad,available,10.2,10.2,medium,low,6,cloudflare,,,30/09/2026 13:35
4c004a69-3bc6-4dbe-a88c-24106e2f9de8,affluent.dad,available,12.98,16.98,high,low,8,namecheap,,,21/09/2026 21:54
008d88a9-2eb3-4b7d-a856-55efdd18a4a6,cosmopolitan.dad,available,10.52,10.52,high,medium,12,spaceship,,,29/09/2026 14:34
aae00b67-4a06-4fb7-8eb9-d99f24fd0771,conditioning.dad,available,10.52,10.52,high,low,12,spaceship,,,28/09/2026 12:54
03592d24-e5f0-4b4a-b322-55a9b6fe4fc4,backblast.dad,available,12.98,16.98,medium,low,9,namecheap,,,21/09/2026 14:26
2f4afadf-1acf-43b0-ae45-eeb5448238ac,smothered.dad,available,12.98,16.98,medium,low,9,namecheap,,,10/09/2026 12:11
5c5cb3d3-224b-420d-863a-52594c2f3dae,ruhr.dad,available,14,,medium,low,4,unstoppable,,,29/09/2026 02:04
c74393da-ae7f-4d69-a391-05cfa381ba45,loudly.dad,available,12.98,16.98,medium,low,6,namecheap,,,18/08/2026 12:25
22b52de8-2211-4096-83fb-0569700c585f,dicey.dad,available,12.98,16.98,medium,low,5,namecheap,,,12/08/2026 01:44
2e433e0a-928f-4375-a727-34e06e131418,constant.dad,premium,73.75,73.75,high,low,8,name.com,,,11/08/2026 23:02
7313ae0f-db20-41db-801f-bce468c3da1c,nakedly.dad,available,12.98,16.98,medium,low,7,namecheap,,,15/09/2026 16:02
dfd391b1-20f3-4366-b87e-1791da7402ca,valladolid.dad,available,10.2,10.2,high,low,10,cloudflare,,,29/09/2026 22:02
4fa36d62-5a51-44d2-9f0d-d1ccda1674bc,ripe.dad,premium,30.22,30.22,high,low,4,spaceship,,,27/09/2026 15:25
d6a33712-4e72-4fe4-a625-9ffe1ddcfe0a,dayton.dad,premium,59.2,,high,low,6,unstoppable,,,30/09/2026 01:15
b4732189-b6e8-4385-b07d-dac33d11df69,infusion.dad,premium,30.22,30.22,high,low,8,spaceship,,,01/10/2026 19:30
6e0ef8d4-9f09-4e90-a60d-0261ed2a7f6a,brings.dad,available,12.98,16.98,medium,low,6,namecheap,,,18/09/2026 15:15
db338250-4f15-45ae-a71f-12ea214950ba,perceptions.dad,available,10.52,10.52,medium,low,11,spaceship,,,02/10/2026 03:23
68a1eaa1-93db-47d3-9388-3357b6835b0c,resign.dad,available,10.2,10.2,medium,low,6,cloudflare,,,30/09/2026 06:20
f77f419d-8c2f-4c53-9a7f-3beca90542f9,vivian.dad,premium,,,high,low,6,,,,28/09/2026 03:58
77cc760b-845a-4b73-ad87-e99d7a3b1c0f,triassic.dad,available,12.98,16.98,medium,low,8,namecheap,,,11/09/2026 19:21
51ff2dfd-95fa-4832-bfa4-b9b856f7c30b,jokingly.dad,available,12.98,16.98,medium,low,8,namecheap,,,14/09/2026 17:23
44574ac7-f44e-463d-80fa-a75d74012fa8,presley.dad,available,12.98,16.98,medium,low,7,namecheap,,,30/09/2026 09:32
8ebbe6bd-65d9-47a3-9eac-30950d002302,undermine.dad,available,14,,medium,low,9,unstoppable,,,29/09/2026 06:16
cc45ee38-7d1c-4a92-8aad-d57d0cf37351,playdate.dad,available,16.98,,high,low,9,namecheap,,,
27a3aecc-e07c-4185-868a-d6435c260677,coimbra.dad,available,10.2,10.2,medium,low,7,cloudflare,,,30/09/2026 21:37
044211fb-f572-44eb-bf8b-d31f1de89ea9,smuggle.dad,available,10.52,10.52,medium,low,7,spaceship,,,01/10/2026 22:13
9491a1af-1837-496c-be15-e997e3865a50,translator.dad,premium,76.7,76.7,high,low,10,namecheap,,,28/09/2026 19:30
f8012aa1-5ff4-43bd-9b38-e7a70fe4f067,bend.dad,premium,167.7,167.7,high,low,4,namecheap,,,23/09/2026 07:40
dde1dd99-5e7f-4730-8f36-e51fc64c887c,potter.dad,premium,323.7,323.7,high,low,6,namecheap,,,27/09/2026 12:23
f59ce14b-2271-49f1-8148-d1997dc05ff2,superlunar.dad,available,12.98,16.98,medium,low,10,namecheap,,,11/09/2026 02:21
742bc0a2-bedf-44e0-a13f-9bb08e1374c2,provincial.dad,available,12.98,16.98,medium,low,10,namecheap,,,11/08/2026 07:37
43432c69-4d0b-4dde-9f6f-69bc672a26f5,remiss.dad,available,12.98,16.98,medium,low,6,namecheap,,,09/09/2026 13:46
3ff6369c-6670-4baa-a384-d7e3893c56bb,polyploid.dad,available,12.98,16.98,medium,low,9,namecheap,,,08/09/2026 23:29
c8528c35-a824-4254-b151-2945e2a70d74,delgado.dad,available,14,,medium,low,7,unstoppable,,,28/09/2026 17:40
5ddba9ac-c294-4e5e-9a17-1230d3f1ac09,withdrawing.dad,available,10.2,10.2,medium,low,11,cloudflare,,,29/09/2026 21:24
88c87483-5922-4746-948b-b2fc4fe5c135,untaxed.dad,available,12.98,16.98,medium,low,7,namecheap,,,11/09/2026 09:28
7dc40821-67cc-49b6-830f-4841b0efa7e0,speeds.dad,available,12.98,16.98,medium,low,6,namecheap,,,20/09/2026 02:30
0e244bf2-fa87-42d7-b5da-203859501484,ding.dad,premium,61.27,61.27,medium,low,4,spaceship,,,28/09/2026 14:30
baf41686-35d5-41ee-acc7-7768c609bec4,rollercoaster.dad,available,16.98,,medium,low,14,namecheap,,,
66403c7b-972a-4942-8ee8-5f33806c3606,seeded.dad,available,12.98,16.98,high,low,6,namecheap,,,10/09/2026 01:43
35bd0010-8910-4869-bb14-dc5cfe8307d5,couch.dad,premium,76.7,76.7,high,low,5,namecheap,,,24/09/2026 18:35
b424b253-d6ef-4c9b-8cb9-6ddb312d179e,colorfast.dad,available,12.98,16.98,medium,low,9,namecheap,,,12/08/2026 17:50
718a4cd4-88f0-47e6-9150-3c2b0adfd0b2,barcarole.dad,available,12.98,16.98,medium,low,9,namecheap,,,22/09/2026 05:06
75e71a48-5e3f-4ada-8790-009f2189a060,archbishop.dad,available,12.98,16.98,medium,low,10,namecheap,,,20/09/2026 01:46
ada5ec08-22ee-41b4-841f-55529427b814,practicality.dad,available,12.98,16.98,high,low,12,namecheap,,,16/09/2026 09:33
2bcefb6f-8e3e-4798-8d64-ccad951bfa7d,notional.dad,available,12.98,16.98,high,low,8,namecheap,,,12/08/2026 20:01
d57e4e02-9e53-408f-96cd-b79abff8b5ff,gibbs.dad,available,12.98,16.98,high,low,5,namecheap,,,25/09/2026 06:33
623c469f-d4a6-493b-b82f-9f3e73a06628,connell.dad,available,12.98,16.98,medium,low,7,namecheap,,,28/09/2026 22:06
51afa293-6630-4e57-9d80-4e97f92ab994,endearing.dad,available,12.98,16.98,high,low,9,namecheap,,,21/09/2026 19:24
c5ea8024-b02e-4482-ae0d-90ca98dbb10a,argo.dad,premium,76.7,76.7,high,low,4,namecheap,,,20/09/2026 04:30
43e37c0a-a447-460c-88c8-ac93521eee63,june.dad,premium,516.67,516.67,high,low,4,spaceship,,,30/09/2026 01:07
4dfd4d99-f760-4e50-b235-cfc2900cb43c,pubmed.dad,available,16.98,,high,low,6,namecheap,,,
24c7962a-97d4-4eb3-947b-d55c7c760a6e,accessory.dad,premium,29.2,37.7,high,low,9,unstoppable,,,01/10/2026 08:32
f599c261-be6a-4a77-8ee8-09dd748e69a6,ivanov.dad,available,14,,medium,low,6,unstoppable,,,29/09/2026 01:22
8c9a5fe8-cce6-44b5-a521-4641e7b502bc,bps.dad,premium,76.7,76.7,high,low,3,namecheap,,,23/09/2026 22:46
f28473da-bd72-4c0e-a25e-5c7aeee4930f,restrictions.dad,available,10.2,10.2,medium,low,12,cloudflare,,,29/09/2026 23:44
ccc28027-c046-4390-aef1-0df02e21e8b5,departments.dad,available,10.52,10.52,medium,low,11,spaceship,,,29/09/2026 17:21
16b8c4a2-1ca9-47ee-b98b-d0de698fa2cf,subscribed.dad,available,12.98,16.98,high,low,10,namecheap,,,11/09/2026 00:41
e52d4824-dd3e-46bd-a90a-80821516076c,acerate.dad,available,12.98,16.98,medium,low,7,namecheap,,,
3ef2ae03-a652-404a-959e-49b8bbedc1c6,stepping.dad,available,12.98,16.98,high,low,8,namecheap,,,16/09/2026 15:33
3de4113a-3f96-440b-830f-8e38b5fdc187,theoretic.dad,available,12.98,16.98,medium,low,9,namecheap,,,11/09/2026 12:54
7cd73f8d-633f-46f6-9dbb-099c8a87973b,belladonna.dad,available,12.98,16.98,medium,low,10,namecheap,,,21/09/2026 00:55
ef50b8a4-6c8d-4670-85b2-166ace625293,latex.dad,premium,257.92,257.92,high,low,5,spaceship,,,29/09/2026 13:16
62a2f03c-0dbc-48d5-965b-33392e9bfc13,nope.dad,premium,,,high,low,4,,,,01/10/2026 22:27
b02a3c1f-f693-410f-9479-1867002416b6,dempsey.dad,available,10.52,10.52,high,low,7,spaceship,,,28/09/2026 05:31
7cb7239c-9886-4837-a889-ac4630dbb41b,pendent.dad,available,12.98,16.98,medium,low,7,namecheap,,,08/09/2026 14:07
025a14d9-a58f-4914-bed7-5612c689d23f,extramural.dad,available,12.98,16.98,high,low,10,namecheap,,,17/08/2026 19:18
01afd729-4b40-463f-949e-93aca8094210,dsc.dad,premium,64.93,64.93,high,low,3,porkbun,,,29/09/2026 21:44
e6fd5e30-399f-4ef8-9a44-357501aa984f,procedures.dad,available,12.98,16.98,medium,low,10,namecheap,,,18/09/2026 17:33
10b7cbaa-6baa-4d01-97e2-f65818ada2c5,asses.dad,available,10.81,10.81,low,low,5,porkbun,,,30/09/2026 15:16
27ad7713-f385-4085-85d0-31cbe5416c1f,judged.dad,available,10.52,10.52,low,low,6,spaceship,,,28/09/2026 12:50
6b36e1ac-c151-4959-a1d3-b68958014679,sparely.dad,available,12.98,16.98,medium,low,7,namecheap,,,16/09/2026 05:49
29904b7b-f7db-47e9-843e-40914f6397aa,cecil.dad,premium,29.2,,high,low,5,unstoppable,,,29/09/2026 09:15
66ae5345-cd5e-43cb-b393-3a97c05f54b0,miraculous.dad,available,12.98,16.98,high,low,10,namecheap,,,21/08/2026 02:29
2287dec2-4c16-4861-9d24-06fbd2c77464,pneumonia.dad,available,14,,high,low,9,unstoppable,,,28/09/2026 06:36
e5afa30e-f73e-41e0-94d3-ec37386999b5,pip.dad,premium,76.7,76.7,high,low,3,namecheap,,,13/09/2026 13:22
bb8d361f-1468-4a06-82c1-cb3cc3a282ea,salient.dad,available,12.98,16.98,high,low,7,namecheap,,,09/09/2026 03:09
be34a8e4-4645-4d26-84eb-7f04e87df9f0,combs.dad,available,14,,high,low,5,unstoppable,,,02/10/2026 00:48
7aa9a297-6683-42b8-bdee-fe30226b19a5,valid.dad,premium,161.25,,high,low,5,name.com,,,28/09/2026 10:05
f8a0406a-da61-458b-bfce-0985959cdafd,apian.dad,available,12.98,16.98,medium,low,5,namecheap,,,05/08/2026 23:47
fcfbf9de-1029-4c02-abdc-5415ca05bc27,esthesis.dad,available,12.98,16.98,medium,low,8,namecheap,,,17/09/2026 13:28
23117fb2-fb3f-4ed4-af9f-d5b84c6dc358,rubbish.dad,available,10.52,10.52,medium,low,7,spaceship,,,28/09/2026 09:24
91e4fb91-b500-4941-a927-b4136cb85569,sapient.dad,available,12.98,16.98,high,low,7,namecheap,,,08/09/2026 18:03
59cc4824-27ba-4e2c-84d7-fa6f19578bce,foothills.dad,available,14,,medium,low,9,unstoppable,,,02/10/2026 02:25
ce810664-a636-4293-a8d3-4bb05aaa01eb,dashed.dad,available,16.99,18.99,medium,low,6,name.com,,,13/08/2026 18:27
2c93afd9-36e5-439c-a836-e0337b9b473f,ample.dad,premium,36.25,36.25,high,low,5,name.com,,,
78ee54a7-62cb-4760-adae-e2eebe953f2c,buttonwood.dad,available,16.99,18.99,medium,low,10,name.com,,,18/09/2026 20:34
c49b6bf5-db2e-47cd-ad42-1604c09508e1,reverie.dad,available,12.98,16.98,high,low,7,namecheap,,,17/09/2026 21:59
00054bb1-0bd7-4792-b966-d6c6632a67f1,lump.dad,available,10.52,10.52,medium,low,4,spaceship,,,29/09/2026 00:25
e4d1fbbe-b140-4592-8749-96f3ed245858,jail.dad,premium,76.7,76.7,high,low,4,namecheap,,,27/09/2026 04:20
daffdf44-df97-4b75-b357-ed8de8e0a658,hens.dad,available,10.52,10.52,medium,low,4,spaceship,,,01/10/2026 18:16
3e187aeb-4984-4c81-8e97-44d7783ebba9,voted.dad,available,12.98,16.98,medium,low,5,namecheap,,,17/09/2026 16:50
0c617c64-7d7e-4f63-954a-baa5a174a0a5,memo.dad,premium,61.27,61.27,high,low,4,spaceship,,,28/09/2026 02:24
3c633381-039c-4782-9d97-97101b0a4f66,stu.dad,premium,,,high,low,3,,,,29/09/2026 03:33
2922a2d7-6738-4d69-b3e2-aceffc2b1403,rocket.dad,premium,257.92,257.92,high,medium,6,spaceship,,,28/09/2026 22:25
fe4a46e8-6638-4305-8ea2-e2e2e5b0b2d1,orphan.dad,available,10.2,10.2,high,low,6,cloudflare,,,30/09/2026 06:17
1e8d6245-d957-49e2-b09c-df8f38c16fce,storer.dad,available,14,,medium,low,6,unstoppable,,,30/09/2026 19:21
f6d2412a-67cc-42c0-b8f9-b99996180fc0,idiom.dad,available,14,,high,low,5,unstoppable,,,28/09/2026 22:21
c718b889-9e58-4a48-82ae-1494cbb137f9,cubbyhole.dad,available,12.98,16.98,high,medium,9,namecheap,,,10/09/2026 12:52
bfe44ba2-e9c6-4456-bff7-3e1384971268,berretta.dad,available,12.98,16.98,medium,low,8,namecheap,,,23/09/2026 10:07
71bdb635-aa4b-4957-b6e0-31ef075b3b68,romanian.dad,available,12.98,16.98,high,medium,8,namecheap,,,09/09/2026 18:27
3ad939b8-f0b3-470b-8cd6-c279122ecf71,anile.dad,available,12.98,16.98,medium,low,5,namecheap,,,
fc693597-ccfa-49d7-b45a-6c05ee7488d5,speculate.dad,available,10.81,10.81,high,low,9,porkbun,,,29/09/2026 11:01
e8e0c486-a0cc-4969-a4c7-56c5a5947a39,removing.dad,available,10.52,10.52,high,low,8,spaceship,,,28/09/2026 07:21
e6d7985c-6ae0-4fc4-9922-d40e762c05bc,provisions.dad,available,12.98,16.98,high,low,10,namecheap,,,08/09/2026 08:15
7a943070-6350-4ebd-b0a5-d08b40848f68,bearable.dad,available,12.98,16.98,medium,low,8,namecheap,,,09/08/2026 04:27
cb1d01e1-eae2-4a2d-8cf2-ea4be5d27afb,milfoil.dad,available,12.98,16.98,medium,low,7,namecheap,,,17/09/2026 00:37
af458290-2d86-4fa8-b4b9-1675e5b61be0,woodville.dad,available,14,,medium,low,9,unstoppable,,,30/09/2026 22:08
89f6661e-1e64-4500-bf24-1b2027386435,serving.dad,premium,76.7,76.7,high,low,7,namecheap,,,25/09/2026 23:06
c8eaead0-2dfc-401d-8c84-f43fde16b17d,holly.dad,premium,129.2,,high,low,5,unstoppable,,,29/09/2026 05:03
c2bf1746-af42-439a-a248-ba5c2d54f1c3,smarmy.dad,available,12.98,16.98,medium,low,6,namecheap,,,11/08/2026 11:46
f54e5704-428c-4111-8e34-a9825d77285b,auteur.dad,available,12.98,16.98,high,low,6,namecheap,,,21/09/2026 05:06
4b33f097-5f99-47a3-b891-fb1359449628,apoptosis.dad,available,12.98,16.98,medium,low,9,namecheap,,,19/09/2026 19:14
e1f7e305-0495-4564-821c-6069a51cc80d,bonded.dad,available,14,,high,low,6,unstoppable,,,29/09/2026 05:02
34718bf8-5a73-4002-a537-a28f5aaf93d7,ipo.dad,premium,61.27,61.27,high,low,3,spaceship,,,29/09/2026 01:21
2287033e-a631-40fd-9ca8-fabe7817b4e1,lear.dad,available,10.52,10.52,high,low,4,spaceship,,,30/09/2026 17:07
283b546c-28df-46e1-ba77-5ee19125bd3c,lps.dad,premium,129.2,,high,low,3,unstoppable,,,28/09/2026 11:44
89fa771d-5db8-4695-87de-b47e9b34120e,womanish.dad,available,12.98,16.98,medium,low,8,namecheap,,,13/09/2026 12:58
a91ad8ee-2806-4170-a9fb-172de0060c8b,punily.dad,available,12.98,16.98,low,low,6,namecheap,,,15/09/2026 22:01
e2b7b293-3038-400b-bebd-2cbc36a9c773,measles.dad,available,12.98,16.98,medium,low,7,namecheap,,,30/09/2026 04:11
438d3bc9-9f30-445e-9dd3-45d32cdc66ea,aerie.dad,available,12.98,16.98,high,medium,5,namecheap,,,
671f2b91-3efc-4d1b-a51c-dee480d73e91,burner.dad,premium,,,high,low,6,,,,29/09/2026 11:49
919e40e1-cbaf-41ee-a782-4b5f322a9133,smoothly.dad,available,12.98,16.98,high,low,8,namecheap,,,16/09/2026 02:56
f24d5d64-1016-4f08-9a19-f8ffb6187800,intently.dad,available,12.98,16.98,medium,low,8,namecheap,,,15/09/2026 08:56
8fb54d79-9558-482a-b783-2fe8ba9afe51,aranyaka.dad,available,16.99,18.99,medium,low,8,name.com,,,20/09/2026 00:08
9ccc035f-262a-4d58-869d-b484d54047d1,silvan.dad,available,12.98,16.98,medium,low,6,namecheap,,,19/09/2026 11:29
a7683e0b-2847-4568-98a1-8ac1c305b0c8,hadrian.dad,available,12.98,16.98,medium,low,7,namecheap,,,17/09/2026 09:58
fffde159-a256-4b24-8bf8-88c7d8943161,actinoid.dad,available,12.98,16.98,medium,low,8,namecheap,,,
ab74fb6c-61ea-439f-86eb-b8a7196d2490,jubilee.dad,premium,30.22,30.22,high,low,7,spaceship,,,30/09/2026 17:45
4ceded2f-f9e9-4f32-a937-2bc403484701,squarely.dad,available,12.98,16.98,medium,low,8,namecheap,,,18/08/2026 12:39
abdd0ce6-5183-497b-a2d2-1cfe4ca6be7f,formative.dad,available,12.98,16.98,high,low,9,namecheap,,,18/08/2026 12:07
1b8cd0fb-bb5c-49f4-9e5a-7e6c1ee5ad5f,curving.dad,available,12.98,16.98,high,low,7,namecheap,,,13/08/2026 11:49
16bec82f-9015-481f-9cb2-17344229a5bf,unselected.dad,available,12.98,16.98,medium,low,10,namecheap,,,12/09/2026 19:14
777bb093-2dff-4044-8b00-e7ab1a78e2d6,inundated.dad,available,12.98,16.98,medium,low,9,namecheap,,,08/08/2026 00:29
23543237-5d7a-4457-9f0e-79a829ed00bf,waxy.dad,available,12.98,16.98,medium,low,4,namecheap,,,09/08/2026 14:13
61c29b5f-51d2-4999-8cbb-1d527d0cad78,hormone.dad,premium,36.25,36.25,high,low,7,name.com,,,17/08/2026 01:04
e9210dfd-4586-480c-9fbd-954ff7bb207c,pungent.dad,available,12.98,16.98,medium,low,7,namecheap,,,
9413e313-1dcb-4283-8882-1494b8dfb36c,roscommon.dad,available,10.52,10.52,high,low,9,spaceship,,,01/10/2026 12:14
ee0e8747-8afc-4cd8-bbb3-dcec4b1561e7,creation.dad,premium,257.92,257.92,high,low,8,spaceship,,,30/09/2026 16:01
1be331e8-4ee4-413a-8841-364bed9ba79a,propaganda.dad,premium,30.22,30.22,high,low,10,spaceship,,,28/09/2026 15:08
95b34ff7-1c83-4cd3-9e57-5166ef55d183,flogging.dad,available,12.98,16.98,medium,low,8,namecheap,,,22/08/2026 20:16
8dbc3b03-2cf5-4eab-a863-a34702df7c6d,pellucid.dad,available,12.98,16.98,high,low,8,namecheap,,,13/08/2026 09:44
9e1f68cc-adf4-4801-a70d-6af9b9380d9c,bringing.dad,available,10.2,10.2,high,low,8,cloudflare,,,29/09/2026 04:22
7334df78-ef7c-4200-96c2-d0331e7663a4,travelers.dad,premium,37.7,37.7,high,medium,9,namecheap,,,19/09/2026 12:33
a7097869-d0fd-4d5d-8e7c-22c7da6df936,washy.dad,available,12.98,16.98,medium,low,5,namecheap,,,10/08/2026 13:56
d47923a3-c8ae-40ed-8254-8334aa670b61,herodotus.dad,available,14,,medium,low,9,unstoppable,,,28/09/2026 10:02
ad3b12cb-09f1-4667-8f1d-22c91dc3ca02,singularity.dad,available,12.98,16.98,high,medium,11,namecheap,,,02/10/2026 00:54
2870ce68-f78d-42ad-9b56-06be46792b17,dissonant.dad,available,12.98,16.98,medium,low,9,namecheap,,,07/08/2026 12:26
e9c0dafd-b170-4ef7-bdec-aa8e38e30c58,xxii.dad,available,12.98,16.98,medium,low,4,namecheap,,,21/09/2026 12:40
745f5878-d7a1-4cee-93a3-5301d7699001,rationed.dad,available,12.98,16.98,high,medium,8,namecheap,,,09/09/2026 10:34
f547a327-bceb-4dbf-9810-5c61ee63e924,bonfires.dad,available,12.98,16.98,medium,low,8,namecheap,,,20/09/2026 12:29
a00deb84-e5c7-40f1-8fd1-ed529d2cb7be,crusty.dad,available,12.98,16.98,medium,low,6,namecheap,,,13/08/2026 09:26
b5ceac33-0f45-4c0f-a20a-8aabee188c3d,cyclonic.dad,available,16.99,18.99,medium,low,8,name.com,,,13/08/2026 13:42
a4ffe2ff-d769-44c7-b35d-12812f5bc497,deposits.dad,available,16.98,,medium,low,8,namecheap,,,
21974d8d-01e7-4df7-8afa-5f14df967d26,blenheim.dad,available,12.98,16.98,medium,low,8,namecheap,,,24/09/2026 05:52
c00ad408-06fd-4965-8b95-7cc8a5fc4c15,furnish.dad,available,10.2,10.2,high,low,7,cloudflare,,,30/09/2026 11:07
a0a9f7cf-462b-43d2-bb77-04f9f81ba79b,peg.dad,premium,,,high,low,3,,,,27/09/2026 15:02
7232aec9-ec97-464b-ab8c-3b418349d92d,tube.dad,premium,648.7,648.7,high,low,4,namecheap,,,25/09/2026 22:34
46a7e736-d0ac-470e-95e4-4b90f7f7b4c2,pitiless.dad,available,12.98,16.98,high,medium,8,namecheap,,,08/09/2026 20:05
10258c00-bf4f-4612-8809-f5739f7d9807,nigh.dad,available,12.98,16.98,medium,low,4,namecheap,,,12/08/2026 12:04
81bdb881-1273-4ad6-8c29-457e292ea05c,physicians.dad,available,14,,high,low,10,unstoppable,,,30/09/2026 00:16
d70fd6b5-7619-4dce-ba66-b60a9a5eb1ec,bronte.dad,available,12.98,16.98,medium,low,6,namecheap,,,19/09/2026 10:16
d8af55ab-53d4-4e1d-bbc9-b0975910d574,moreno.dad,premium,37.7,37.7,high,low,6,namecheap,,,27/09/2026 10:16
8284472b-df9a-4932-97b4-aa53487ed7c2,polynomial.dad,available,12.98,16.98,high,low,10,namecheap,,,03/09/2026 10:48
13058fe4-32bd-47bf-9d18-88dfff1ca1af,nell.dad,available,10.2,10.2,medium,low,4,cloudflare,,,28/09/2026 07:53
5a69fb4a-d644-4709-a97b-c106ddd29cbb,vanished.dad,available,12.98,16.98,medium,low,8,namecheap,,,13/09/2026 01:09
38a137a1-94b1-43bb-baf3-beb36f707139,bizarre.dad,premium,37.7,37.7,high,low,7,namecheap,,,22/09/2026 21:11
0ce9df3c-5ea9-48ae-a9e4-892a65515f4b,vitreous.dad,available,12.98,16.98,medium,low,8,namecheap,,,13/09/2026 06:18
0f9c97bb-1fec-4139-8c65-bf10110884bd,schubert.dad,available,10.52,10.52,high,low,8,spaceship,,,01/10/2026 19:38
be417092-07c5-45e9-87cd-454443701a42,sense.dad,premium,311.25,,high,medium,5,name.com,,,29/09/2026 10:28
6d52c31e-8b23-458b-b402-547fd81fb9aa,flatbottom.dad,available,12.98,16.98,medium,low,10,namecheap,,,18/08/2026 06:51
3401c99c-1663-420a-8fe3-e71af45eaa90,mobius.dad,premium,37.7,37.7,high,low,6,namecheap,,,21/09/2026 03:47
53c4c40f-7938-422e-b423-6074060d1c1f,unfinished.dad,available,12.98,16.98,high,low,10,namecheap,,,12/09/2026 10:17
c24ca8c2-0c01-4030-8f0b-62cd0344dd08,erupt.dad,available,12.98,16.98,high,low,5,namecheap,,,30/09/2026 16:28
19b3c812-90c9-4428-994d-65f5f77e7349,mcneil.dad,available,12.98,16.98,high,medium,6,namecheap,,,28/09/2026 17:55
85956bbe-a097-48e9-914f-05d698722cd1,sprinkled.dad,available,19.99,19.99,medium,low,9,godaddy,,,01/10/2026 00:34
3d33d5be-3ea1-4a0d-8c3d-54b83c7f3523,duckbill.dad,available,12.98,16.98,medium,low,8,namecheap,,,14/08/2026 20:46
3eca8877-0c55-4d9c-8275-8b6e7fcb1b4d,integrity.dad,premium,61.27,61.27,high,medium,9,spaceship,,,27/09/2026 14:20
b704f14b-474c-4de1-aab6-9a36d016baa1,masoud.dad,available,12.98,16.98,medium,low,6,namecheap,,,17/09/2026 20:25
7b7d19c3-d1a7-48bf-a31a-d58137d3c147,reasoning.dad,available,12.98,16.98,high,low,9,namecheap,,,09/09/2026 11:10
3a80ae39-be0f-456d-a528-dbe51c767a71,turnpike.dad,available,10.52,10.52,high,low,8,spaceship,,,30/09/2026 18:58
ff79471d-4c0b-43d1-b4ff-15fa5c102594,thistle.dad,available,14,,high,low,7,unstoppable,,,01/10/2026 04:02
47c50b50-e23b-4fe6-8408-f44d28a637f1,grid.dad,premium,323.7,323.7,high,medium,4,namecheap,,,24/09/2026 17:52
0fd32f0b-1235-4f29-9109-3249a693fa7b,inherent.dad,available,12.98,16.98,high,low,8,namecheap,,,23/09/2026 10:30
4c2cf8c4-eb15-4aee-a62f-5828e13dc89e,rms.dad,premium,59.2,,high,low,3,unstoppable,,,28/09/2026 04:52
16e63176-40f7-4430-987a-d317bec2008a,admirable.dad,available,12.98,16.98,high,low,9,namecheap,,,21/09/2026 18:46
e38a884e-2b90-4b7a-94f4-760ed6949a83,automat.dad,available,12.98,16.98,high,low,7,namecheap,,,21/09/2026 06:52
8bbb497b-ba22-4882-ae0f-1a83413a0feb,valueable.dad,available,16.98,,medium,low,9,namecheap,,,
2314bce1-7597-43bd-88b8-9702590e5b5a,fuego.dad,premium,30.22,30.22,high,low,5,spaceship,,,30/09/2026 09:50
635d8914-6b28-4b95-b2a1-93e10733984d,beloved.dad,premium,73.75,73.75,high,low,7,name.com,,,09/08/2026 13:47
27349701-1004-405d-92d5-d2a6ad5b1fdf,famously.dad,available,12.98,16.98,high,low,8,namecheap,,,14/09/2026 16:46
a91fee3d-d827-4f7c-9d86-308c50168d43,adjustment.dad,available,12.98,16.98,high,low,10,namecheap,,,18/08/2026 05:52
b1851c7d-d76a-4c15-a6ac-d7828a7389c5,alhaytham.dad,available,12.98,16.98,medium,low,10,namecheap,,,18/09/2026 00:48
da2bebb0-0a7b-4fea-891a-cad44490fa5d,pyaemic.dad,available,12.98,16.98,high,medium,7,namecheap,,,09/09/2026 06:49
b58e4b7e-7812-4d1b-9f69-26b30b127b89,evaporated.dad,available,12.98,16.98,medium,low,10,namecheap,,,17/08/2026 14:45
b9640176-e8ad-4007-9827-f3a15e5e62d7,pathologic.dad,available,12.98,16.98,medium,low,10,namecheap,,,14/08/2026 10:11
0c4f82d0-46b0-48de-ae94-d59d19a98f73,longhand.dad,available,12.98,16.98,high,low,8,namecheap,,,13/08/2026 11:38
13dbc001-5531-4d73-b37e-d6edb6694030,windy.dad,premium,37.7,37.7,high,low,5,namecheap,,,22/09/2026 22:44
fd6f8dc2-ec85-45cb-98d8-b33a02e65702,narratives.dad,available,12.98,16.98,medium,low,10,namecheap,,,20/09/2026 10:13
0496b2c8-d901-4eb9-b798-6c26a2788ccb,placement.dad,premium,76.7,76.7,high,low,9,namecheap,,,09/09/2026 00:08
4c15dc47-f22c-4d06-87af-8f64bc327439,heated.dad,available,12.98,16.98,high,low,6,namecheap,,,21/08/2026 02:17
4e5dca36-1106-4e08-8fe6-bd250701f73d,carousel.dad,available,10.52,10.52,high,medium,8,spaceship,,,30/09/2026 00:59
1133443d-fa70-4fbe-99fd-f6ea019a6870,cac.dad,premium,,,high,low,3,,,,01/10/2026 10:33
045177be-6af6-49c2-b698-7c2b8c5935fd,experient.dad,available,12.98,16.98,medium,low,9,namecheap,,,17/08/2026 18:12
13675407-1fe9-4988-81c2-516732a48165,pyramidic.dad,available,12.98,16.98,medium,low,9,namecheap,,,09/09/2026 06:57
1d2a81af-6511-4142-84f1-bd9ed5583d85,moral.dad,premium,76.7,76.7,high,low,5,namecheap,,,25/09/2026 21:40
487f9089-4407-427b-90df-39cebc557e89,bertolucci.dad,available,12.98,16.98,medium,low,10,namecheap,,,23/09/2026 09:50
d6778ff3-51ee-41e5-ba04-e097b42cdcf5,food.dad,premium,1034.17,1034.17,high,medium,4,spaceship,,,01/10/2026 22:52
41ced145-9d7a-40e5-b667-101f27106ebd,clutter.dad,available,12.98,16.98,medium,low,7,namecheap,,,01/10/2026 18:58
93d648b3-9e9e-448d-a796-6c5aef243823,alienor.dad,available,12.98,16.98,medium,low,7,namecheap,,,18/09/2026 07:41
15eec97d-093f-463d-b185-427d128053ad,ventilators.dad,available,12.98,16.98,medium,low,11,namecheap,,,18/09/2026 23:26
7efe853b-d305-4af3-bb6d-2e5fdf2940c0,accrued.dad,available,12.98,16.98,medium,low,7,namecheap,,,
3e38857f-59ef-4ca2-8e3f-ab26b627d045,anhydrous.dad,available,12.98,16.98,medium,low,9,namecheap,,,
6fb6ad2b-8ce6-4b43-8dca-3e4d7247ac35,judas.dad,available,10.2,10.2,medium,low,5,cloudflare,,,28/09/2026 19:35
f7261c65-519b-4ff1-ac35-39b958cf4ea6,due.dad,premium,323.7,323.7,high,low,3,namecheap,,,22/09/2026 09:27
9232afe9-2efb-4371-a176-a58606c6578e,polluted.dad,available,12.98,16.98,medium,low,8,namecheap,,,08/09/2026 23:08
9139c0d6-47c2-4607-b036-c6740f936960,lethargic.dad,available,12.98,16.98,medium,low,9,namecheap,,,23/08/2026 00:27
567863d2-2979-43ec-8179-d1fff97e3480,prose.dad,premium,36.25,,high,low,5,name.com,,,30/09/2026 07:46
fd1bf1c3-7f43-4949-9173-ac3e1e9d7fb8,uranium.dad,available,12.98,16.98,high,low,7,namecheap,,,21/09/2026 00:11
061a6aa1-d503-4de4-85f8-40a7e10fec3d,boloney.dad,available,12.98,16.98,medium,low,7,namecheap,,,21/09/2026 23:45
679ba1ca-fcc2-4293-8823-479ad8c580d9,candidates.dad,available,14,,low,low,10,unstoppable,,,28/09/2026 17:58
02ba2b74-0ad6-4f81-8f7d-95880a1f32fe,inordinate.dad,available,12.98,16.98,medium,low,10,namecheap,,,17/08/2026 16:17
dd658d5a-74ee-48ea-ba17-53a49334869d,zeke.dad,available,10.52,10.52,medium,low,4,spaceship,,,01/10/2026 08:02
6b5fa1e9-6063-4220-b770-5f857b1023c8,geoffrey.dad,available,16.99,18.99,medium,low,8,name.com,,,25/09/2026 13:35
24f13b50-a12e-4399-a4f2-e1db611f2cbf,puzzlement.dad,available,12.98,16.98,medium,low,10,namecheap,,,21/09/2026 17:39
82f269d3-9973-4922-baf6-08b2b8c5c617,underling.dad,available,12.98,16.98,medium,low,9,namecheap,,,11/09/2026 00:39
540f342c-1e4b-4dc2-94a1-ce8e6de2e48e,telluric.dad,available,12.98,16.98,medium,low,8,namecheap,,,11/09/2026 10:39
d01c5f3c-cf33-43d4-afc9-4866840541f5,saturn.dad,premium,133.72,133.72,high,low,6,spaceship,,,29/09/2026 13:55
0767ba5c-8f10-4bc0-a391-802f9e5c932c,redolent.dad,available,12.98,16.98,high,low,8,namecheap,,,17/08/2026 15:16
892bd12a-a8df-432a-84d2-e78a207699ca,sickish.dad,available,12.98,16.98,low,low,7,namecheap,,,03/09/2026 14:05
295c9de7-6eb3-47b3-b21d-036846a9538c,depends.dad,available,12.98,16.98,medium,low,7,namecheap,,,25/09/2026 20:36
1de7c800-3873-48cf-9f7b-39fbe78daf6e,uncontrolled.dad,available,14,,medium,low,12,unstoppable,,,01/10/2026 22:34
860fb7c5-9199-4ca6-bf39-20cf7ce38560,acetum.dad,available,12.98,16.98,medium,low,6,namecheap,,,17/09/2026 00:18
176213bb-74c8-42d5-8328-008b17cca907,clarification.dad,available,14,,medium,low,13,unstoppable,,,02/10/2026 01:38
02b0f267-969b-410c-a7f7-776badbbec50,invalidate.dad,available,12.98,16.98,high,low,10,namecheap,,,13/09/2026 06:37
cf5d624c-2edc-4b46-afa2-578769fc78f2,offprint.dad,available,12.98,16.98,medium,low,8,namecheap,,,10/09/2026 03:57
91a185c4-de8d-4de7-9af7-6b6c1d20b930,chalk.dad,premium,,,high,low,5,,,,28/09/2026 05:27
3d877cf0-5cf3-4ac2-bd37-070e2b66a5d7,loquacious.dad,available,12.98,16.98,medium,low,10,namecheap,,,12/08/2026 03:22
21606191-b1f3-4ec1-af71-ef92bef22a9c,hitless.dad,available,12.98,16.98,medium,low,7,namecheap,,,20/08/2026 15:56
b17810ea-46bc-425e-a9ed-65358f8e5f39,likely.dad,premium,37.7,37.7,high,low,6,namecheap,,,25/09/2026 13:46
d8ae1de1-eadd-4a19-aa86-ee66b097428a,asme.dad,premium,30.22,30.22,medium,low,4,spaceship,,,29/09/2026 21:46
3ee901f8-8d02-4897-b458-267f2b4e19e2,kendra.dad,premium,37.7,37.7,medium,low,6,namecheap,,,01/10/2026 07:27
ea746287-a3e5-4a03-8fb6-80eb7e6c5f3c,attracts.dad,available,12.98,16.98,medium,low,8,namecheap,,,30/09/2026 06:55
834c3cb8-85f5-41aa-a2e8-b6910a579d47,windless.dad,available,12.98,16.98,medium,low,8,namecheap,,,13/09/2026 12:14
f5df4c96-8b97-4e63-b66d-a17accb79d62,apathetic.dad,available,12.98,16.98,medium,low,9,namecheap,,,05/08/2026 22:04
59b5449d-b6ad-406e-b7de-e55f54463a49,braddock.dad,available,10.52,10.52,medium,low,8,spaceship,,,29/09/2026 15:49
ca921870-c700-4e35-b143-522c413abfd7,lee.dad,premium,623.75,623.75,high,medium,3,name.com,,,22/08/2026 22:18
1328757d-a8d7-48ec-9343-721eba4d58f5,cloth.dad,premium,59.2,,high,low,5,unstoppable,,,28/09/2026 02:26
0c931ce3-b188-495f-9fdb-fc526358a6a4,glut.dad,available,12.98,16.98,medium,low,4,namecheap,,,23/09/2026 17:21
9f92b1b1-5157-4160-9c0b-f9228431e067,exeter.dad,premium,37.7,37.7,high,low,6,namecheap,,,25/09/2026 14:27
7fb34e61-9d00-461a-9e91-310da5736bd8,second.dad,premium,648.7,648.7,high,low,6,namecheap,,,21/09/2026 12:59
c924e6c3-2eba-4088-8a39-b8f746c4bef3,wallpaper.dad,premium,249.2,,high,low,9,unstoppable,,,29/09/2026 08:18
5ee302c1-a84a-4e36-bf54-7bd8e0958880,warship.dad,available,10.2,10.2,medium,low,7,cloudflare,,,01/10/2026 01:30
313200a5-c0fb-41f7-92ea-c0b3780ec50e,traverse.dad,available,12.98,16.98,high,low,8,namecheap,,,13/08/2026 07:58
6b758025-59ee-4799-a2e5-d46bb9826f75,tanzanian.dad,available,12.98,16.98,medium,low,9,namecheap,,,11/09/2026 08:09
8feac204-491f-4644-a173-8bec6c2c8ae9,seedcase.dad,available,12.98,16.98,medium,low,8,namecheap,,,12/08/2026 15:07
aa12bb59-5542-4d7b-976a-b65a6edc081f,gallop.dad,available,10.81,10.81,high,low,6,porkbun,,,01/10/2026 02:15
564718c5-8ef8-4e18-b754-fd45791d42f9,purposive.dad,available,12.98,16.98,medium,low,9,namecheap,,,20/08/2026 15:51
70f07547-6d6e-4de9-b42f-9c6bc98befec,fund.dad,premium,648.7,648.7,high,low,4,namecheap,,,28/09/2026 08:44
4616dd08-ec00-4677-beb1-4e00f12660c0,gamin.dad,available,12.98,16.98,medium,low,5,namecheap,,,11/09/2026 14:56
8ee1e1ac-04d3-43d3-97ee-0b9566c49aa3,ochoa.dad,available,10.81,10.81,medium,low,5,porkbun,,,01/10/2026 03:08
639a4ae1-ef35-4bad-9a20-6e35f632b6ab,adi.dad,premium,61.27,61.27,high,low,3,spaceship,,,28/09/2026 16:16
079a96f8-7e77-4c46-ace5-20fada9f047d,cementing.dad,available,14,,high,low,9,unstoppable,,,30/09/2026 07:44
4faaca2d-ddbf-478d-bbc0-b2c560004fbf,decency.dad,available,10.52,10.52,high,low,7,spaceship,,,29/09/2026 06:36
43584f34-1a5d-48a8-addb-34f1beff2474,been.dad,premium,311.25,,medium,low,4,name.com,,,
765cbad8-75a3-47ce-bced-c622339296fc,ria.dad,premium,,,high,low,3,,,,02/10/2026 02:31
6def4f1c-9362-49e3-ab80-d3b80502a364,humanistic.dad,available,12.98,16.98,high,low,10,namecheap,,,21/08/2026 14:53
0f9684b6-dc16-483b-b6ca-6275b4fd5566,birds.dad,premium,311.25,,high,low,5,name.com,,,
beaee1df-42d2-4cb1-9947-dc4f5d2678a6,supplier.dad,premium,73.75,,high,low,8,name.com,,,30/09/2026 08:15
45b4a4ee-d0d9-4e08-95a2-b57792e367fb,awarding.dad,available,10.81,10.81,high,low,8,porkbun,,,28/09/2026 23:40
7559dd99-e6a6-4d99-8d89-a374cf67466c,anaemia.dad,available,10.2,10.2,medium,low,7,cloudflare,,,28/09/2026 21:05
a3bd5c16-9425-400e-be3b-acad3e84b684,cathedral.dad,premium,36.25,36.25,high,low,9,name.com,,,11/08/2026 21:50
de4117e6-1ee2-4b8e-9fb3-6cb6e915c0f7,untasted.dad,available,12.98,16.98,medium,low,8,namecheap,,,12/09/2026 21:05
eac25885-9b54-487c-9c5c-d7b25f5e94f9,bennie.dad,available,12.98,16.98,high,low,6,namecheap,,,23/09/2026 08:32
59ec6248-67da-4b60-be21-4350fb00a10b,mousy.dad,available,12.98,16.98,medium,low,5,namecheap,,,25/08/2026 08:42
41cd4b4e-7e25-4b4e-8ded-00d5fa92e0ec,legacy.dad,premium,311.25,311.25,high,medium,6,name.com,,,23/09/2026 09:05
f0945b99-70e3-477f-91d6-6f234bd627e5,heartening.dad,available,12.98,16.98,high,low,10,namecheap,,,21/08/2026 02:09
0a18798b-0f40-4c03-896c-8d6ff21f3631,assayer.dad,available,12.98,16.98,medium,low,7,namecheap,,,20/09/2026 15:59
d189a08f-c165-4a6c-8375-a4f9009ce0cf,aeriferous.dad,available,12.98,16.98,medium,low,10,namecheap,,,
711948b5-4233-4b89-96d3-8a5de1c5f17c,sloppy.dad,available,12.98,16.98,high,low,6,namecheap,,,08/08/2026 08:22
8398c3d1-82bd-4e5b-9a47-d7b0e37a8c20,chow.dad,premium,59.2,,high,low,4,unstoppable,,,29/09/2026 00:25
ef61854d-3524-4e40-a4ea-76e98febf476,gaming.dad,premium,499.2,,high,low,6,unstoppable,,,29/09/2026 20:33
0e6bf6fc-e8bc-4887-a9b5-532fb2a998a5,trig.dad,available,12.98,16.98,high,low,4,namecheap,,,12/08/2026 10:13
a9200ae4-67d1-4da5-a4ac-0766577da665,impatient.dad,available,12.98,16.98,medium,low,9,namecheap,,,21/08/2026 21:53
3e6b6e5d-b84f-493c-8203-3bef48341076,hidden.dad,premium,323.7,323.7,high,low,6,namecheap,,,23/09/2026 18:38
3b684ad1-c664-45cb-9459-14f61380d358,deluge.dad,available,12.98,16.98,medium,low,6,namecheap,,,24/09/2026 16:03
6c820a37-470c-4a8c-a677-15614ffc0b8a,aguacate.dad,available,12.98,16.98,medium,low,8,namecheap,,,07/08/2026 23:46
e2b840fe-51c6-458f-8def-b380b68ac4eb,lips.dad,premium,61.27,61.27,high,low,4,spaceship,,,01/10/2026 00:24
5a7b0152-b71a-40eb-970d-f79bd08c0204,usage.dad,available,12.98,16.98,high,low,5,namecheap,,,24/09/2026 04:06
a0031f91-57e3-41d3-8edd-cd1e3f6beb06,diminutive.dad,available,12.98,16.98,medium,low,10,namecheap,,,08/08/2026 14:10
bc377aa1-e510-4b32-9625-7452e4d8977d,sinaloa.dad,available,10.2,10.2,medium,low,7,cloudflare,,,30/09/2026 05:06
05615e65-eedc-44d0-a8f7-dff89d085287,crescent.dad,premium,73.75,73.75,high,low,8,name.com,,,13/08/2026 06:14
2a99b2cb-9a2f-406f-8871-2952eb52cf95,rotfl.dad,available,16.98,,medium,low,5,namecheap,,,
2abe3abe-044e-4d19-b229-c1db0a7d15e0,freed.dad,premium,,,medium,low,5,,,,29/09/2026 05:07
1df6b94c-d72b-4d47-aa10-3001c8bb2c40,iata.dad,available,14,,medium,low,4,unstoppable,,,30/09/2026 20:51
3b8db98d-ad2a-434e-b6b1-0769945afd7a,bowfin.dad,available,12.98,16.98,medium,low,6,namecheap,,,18/09/2026 21:19
3f5dac03-691c-44a6-93ef-2ff59ff8fe1f,branches.dad,available,10.52,10.52,medium,low,8,spaceship,,,28/09/2026 17:02
eb172e5f-29c7-4ace-bb7d-6d8fb2608621,avahi.dad,available,12.98,16.98,medium,low,5,namecheap,,,21/09/2026 08:36
472b44d5-2507-4998-a972-e1aa036dd398,christy.dad,premium,,,high,low,7,,,,29/09/2026 21:38
483d56cf-b9b7-4b62-96fc-38d9365ccb21,ruffianly.dad,available,12.98,16.98,high,medium,9,namecheap,,,09/09/2026 19:19
663958fa-f0fe-4a74-be64-f50a154397b7,profile.dad,premium,516.67,516.67,high,low,7,spaceship,,,30/09/2026 07:33
c9c4d8b6-29f1-4edb-8c14-5e1e7de372f3,sidewise.dad,available,12.98,16.98,high,medium,8,namecheap,,,10/09/2026 07:48
777cba6d-f39c-40a8-9eb7-f11c2352f788,oaks.dad,premium,37.7,37.7,medium,low,4,namecheap,,,20/09/2026 04:44
ea0b0298-108f-4cfa-9e61-88d958d334bb,resilient.dad,available,12.98,16.98,high,low,9,namecheap,,,10/08/2026 21:47
66619e77-5a28-4020-b3fb-d5f4c86e5637,archaeologist.dad,available,10.2,10.2,high,low,13,cloudflare,,,30/09/2026 11:33
761357b4-6925-4996-8172-301f6ee2bfcb,heavenward.dad,available,12.98,16.98,medium,low,10,namecheap,,,21/08/2026 02:31
f2238e49-9362-4aec-b9b7-e2d08e4e5b4f,taxing.dad,available,12.98,16.98,medium,low,6,namecheap,,,11/08/2026 10:33
b10b8a4b-3c1a-45f3-9b55-b6f5be0fa04c,marmoreal.dad,available,12.98,16.98,medium,low,9,namecheap,,,24/08/2026 16:12
32a7a790-b718-4731-bcfe-d35ebf7985e8,semifinal.dad,available,12.98,16.98,high,low,10,namecheap,,,16/09/2026 09:45
b638e433-84aa-4e48-986a-e3b40a4cb2e2,lunches.dad,available,12.98,16.98,medium,low,7,namecheap,,,20/09/2026 07:45
db03d95f-2aca-4bf9-ac39-b7e811becfc3,floored.dad,available,12.98,16.98,medium,low,7,namecheap,,,18/08/2026 08:49
94f7c8eb-44e3-49e8-8cd2-c79e61c17806,middlesbrough.dad,available,10.2,10.2,medium,low,13,cloudflare,,,01/10/2026 08:11
62c8f680-1a89-401f-b867-68d3cd4315e0,toxicity.dad,available,10.2,10.2,high,low,8,cloudflare,,,30/09/2026 18:20
1d51685b-65f4-403f-9034-690f1e0de9bd,enteric.dad,available,12.98,16.98,medium,low,7,namecheap,,,17/08/2026 09:53
c074769a-964b-4482-b156-39e51dbacaec,vegetables.dad,premium,37.7,37.7,medium,low,10,namecheap,,,16/09/2026 12:36
4574f790-0b46-4726-8ad8-ad1813ed6404,covariant.dad,available,12.98,16.98,medium,low,9,namecheap,,,13/08/2026 04:05
aed7e409-9ee1-42a7-b7f2-16b27c0231b3,waxed.dad,available,12.98,16.98,high,low,5,namecheap,,,13/09/2026 08:40
2e2357f0-d044-4cdf-9f99-a4600b1f3693,lubbock.dad,available,10.81,10.81,high,low,7,porkbun,,,28/09/2026 10:18
b89e9dd7-f6db-4ea1-8546-a303d80656a4,dwell.dad,premium,36.25,36.25,high,low,5,name.com,,,24/08/2026 07:49
b80d6507-2c99-447c-a8b5-ffe450ebec1a,mention.dad,premium,29.2,,high,low,7,unstoppable,,,29/09/2026 09:27
804f8270-ee7e-40ed-8922-9f3d1adf505e,flier.dad,available,12.98,16.98,high,low,5,namecheap,,,11/08/2026 05:10
5b470776-7e20-4d0e-aa96-29020cf4c946,allergenic.dad,available,12.98,16.98,medium,low,10,namecheap,,,
0c8299d9-6b80-485e-b904-2cd0dd6a7234,nut.dad,premium,76.7,76.7,high,low,3,namecheap,,,10/09/2026 00:12
f1117894-1464-4bff-b080-e0aa89ece3db,speer.dad,available,12.98,16.98,high,low,5,namecheap,,,18/09/2026 02:44
8d6330dc-7d82-40a8-878a-bcd74ef34800,sleeves.dad,available,14,,medium,low,7,unstoppable,,,29/09/2026 10:37
a8af7cec-d2a8-4085-a724-90bbae22e40e,perugia.dad,available,10.52,10.52,medium,low,7,spaceship,,,29/09/2026 21:46
40426881-9b11-47a7-8693-faeb56c5cfcb,amidst.dad,available,14,,medium,low,6,unstoppable,,,30/09/2026 11:35
99441d64-7866-48c2-9f41-6b9ac6a6e988,heedful.dad,available,12.98,16.98,medium,low,7,namecheap,,,
f4343aa7-edb5-4bfb-ac6a-4558b20d478a,alienage.dad,available,16.99,18.99,medium,low,8,name.com,,,18/09/2026 07:33
52f211f1-ff4b-4057-8481-577d84c9149a,julius.dad,premium,,,high,low,6,,,,27/09/2026 18:53
0e03e3c4-6a04-4d0d-9055-64fe3bb47b78,nice.dad,premium,648.7,648.7,high,medium,4,namecheap,,,24/09/2026 00:45
5587f3a1-1458-4606-b206-9a58b7304be7,opener.dad,premium,30.22,30.22,medium,low,6,spaceship,,,28/09/2026 20:02
dcf48c5d-2fde-4b84-b381-f893c2ec749c,ust.dad,premium,61.27,61.27,high,low,3,spaceship,,,30/09/2026 04:28
1f209e59-a5e7-41d0-856b-c7d495be368a,whats.dad,premium,167.7,167.7,medium,low,5,namecheap,,,20/09/2026 02:25
cc366393-0a61-4987-9950-26e6fd5d8d53,basia.dad,available,12.98,16.98,medium,low,5,namecheap,,,22/09/2026 10:34
2212200a-b43f-4a66-a44d-d7bc2f92fe13,cousins.dad,available,12.98,16.98,high,low,7,namecheap,,,19/09/2026 21:00
e7bb7c6e-7f83-40dc-acdc-b342f31ad66e,oneself.dad,available,16.98,,high,low,7,namecheap,,,
bfd9564d-8c55-4048-ac36-2f301eaf4c0a,mexicana.dad,available,14,,high,low,8,unstoppable,,,29/09/2026 09:18
ac54b883-b912-4d1c-8191-ee2e705aea18,repairing.dad,available,10.52,10.52,high,low,9,spaceship,,,01/10/2026 05:59
2d95da68-8331-4fd9-8bf6-ba9779011d17,mortgages.dad,premium,37.7,37.7,medium,low,9,namecheap,,,20/09/2026 00:45
a44c256d-31f9-4ba5-839b-f326f9cefa65,spiritually.dad,available,10.52,10.52,high,low,11,spaceship,,,30/09/2026 12:12
14bae38d-7a91-4121-bd7c-43fc0146a3a9,hurricane.dad,premium,30.22,30.22,high,low,9,spaceship,,,27/09/2026 14:11
5b16a488-ee34-42ec-83d2-e65bc4f6758c,president.dad,premium,257.92,257.92,high,low,9,spaceship,,,29/09/2026 07:56
c40ab67c-229d-4c8b-8b52-2c85665eb5c1,meaningless.dad,available,10.2,10.2,medium,low,11,cloudflare,,,28/09/2026 15:49
0dccdb6e-2459-4d99-80f5-707f5e90d4c4,pabulum.dad,available,12.98,16.98,medium,low,7,namecheap,,,12/08/2026 18:49
3f602a4b-a377-40d6-9ea7-995e82a64e06,bahaism.dad,available,12.98,16.98,medium,low,7,namecheap,,,21/09/2026 18:33